,STATE,YEAR,Abortion Rate per 1000 People,AGE,Abortion Rate per 1000 People (Adjusted),"Abortion Rate per 100,000 People (Adjusted)"
0,Alabama,1988,31.4,15-19,-4.634,-463.4
1,Alabama,1989,30.35,15-19,-4.0395,-403.95
2,Alabama,1990,29.3,15-19,-3.445,-344.5
3,Alabama,1991,28.25,15-19,-2.8505,-285.05
4,Alabama,1992,27.2,15-19,-2.256,-225.6
5,Alabama,1993,25.375,15-19,-2.683,-268.3
6,Alabama,1994,23.55,15-19,-3.11,-311
7,Alabama,1995,21.725,15-19,-3.537,-353.7
8,Alabama,1996,19.9,15-19,-3.964,-396.4
9,Alabama,1997,18.8,15-19,-4.0895,-408.95
10,Alabama,1998,17.7,15-19,-4.215,-421.5
11,Alabama,1999,16.6,15-19,-4.3405,-434.05
12,Alabama,2000,15.5,15-19,-5.105882353,-510.5882353
13,Alabama,2001,14.78,15-19,-4.983529412,-498.3529412
14,Alabama,2002,14.06,15-19,-4.861176471,-486.1176471
15,Alabama,2003,13.34,15-19,-4.738823529,-473.8823529
16,Alabama,2004,12.62,15-19,-4.616470588,-461.6470588
17,Alabama,2005,11.9,15-19,-4.494117647,-449.4117647
18,Alabama,2006,11.9,15-19,-4.294117647,-429.4117647
19,Alabama,2007,11.3,15-19,-4.680392157,-468.0392157
20,Alabama,2008,11.3,15-19,-4.433333333,-443.3333333
21,Alabama,2009,10.2,15-19,-4.074509804,-407.4509804
22,Alabama,2010,9.1,15-19,-3.978431373,-397.8431373
23,Alabama,2011,8.8,15-19,-3.031372549,-303.1372549
24,Alabama,2012,7.7,15-19,-2.409803922,-240.9803922
25,Alabama,2013,6.5,15-19,-2.496078431,-249.6078431
26,Alabama,2014,6.3,15-19,-1.756862745,-175.6862745
27,Alabama,2015,5.7,15-19,-1.562745098,-156.2745098
28,Alabama,2016,5.4,15-19,-1.392156863,-139.2156863
29,Alabama,2017,5.1,15-19,-1.531372549,-153.1372549
30,Alaska,1988,35.9,15-19,-0.134,-13.4
31,Alaska,1989,34.425,15-19,0.0355,3.55
32,Alaska,1990,32.95,15-19,0.205,20.5
33,Alaska,1991,31.475,15-19,0.3745,37.45
34,Alaska,1992,30,15-19,0.544,54.4
35,Alaska,1993,27.225,15-19,-0.833,-83.3
36,Alaska,1994,24.45,15-19,-2.21,-221
37,Alaska,1995,21.675,15-19,-3.587,-358.7
38,Alaska,1996,18.9,15-19,-4.964,-496.4
39,Alaska,1997,17.825,15-19,-5.0645,-506.45
40,Alaska,1998,16.75,15-19,-5.165,-516.5
41,Alaska,1999,15.675,15-19,-5.2655,-526.55
42,Alaska,2000,14.6,15-19,-6.005882353,-600.5882353
43,Alaska,2001,14.82,15-19,-4.943529412,-494.3529412
44,Alaska,2002,15.04,15-19,-3.881176471,-388.1176471
45,Alaska,2003,15.26,15-19,-2.818823529,-281.8823529
46,Alaska,2004,15.48,15-19,-1.756470588,-175.6470588
47,Alaska,2005,15.7,15-19,-0.694117647,-69.41176471
48,Alaska,2006,14.9,15-19,-1.294117647,-129.4117647
49,Alaska,2007,14.3,15-19,-1.680392157,-168.0392157
50,Alaska,2008,14.8,15-19,-0.933333333,-93.33333333
51,Alaska,2009,14.1,15-19,-0.174509804,-17.45098039
52,Alaska,2010,16.9,15-19,3.821568627,382.1568627
53,Alaska,2011,14.1,15-19,2.268627451,226.8627451
54,Alaska,2012,12.1,15-19,1.990196078,199.0196078
55,Alaska,2013,10.1,15-19,1.103921569,110.3921569
56,Alaska,2014,9.4,15-19,1.343137255,134.3137255
57,Alaska,2015,7.8,15-19,0.537254902,53.7254902
58,Alaska,2016,7.6,15-19,0.807843137,80.78431373
59,Alaska,2017,6.6,15-19,-0.031372549,-3.137254902
60,Arizona,1988,39.4,15-19,3.366,336.6
61,Arizona,1989,37.45,15-19,3.0605,306.05
62,Arizona,1990,35.5,15-19,2.755,275.5
63,Arizona,1991,33.55,15-19,2.4495,244.95
64,Arizona,1992,31.6,15-19,2.144,214.4
65,Arizona,1993,30.325,15-19,2.267,226.7
66,Arizona,1994,29.05,15-19,2.39,239
67,Arizona,1995,27.775,15-19,2.513,251.3
68,Arizona,1996,26.5,15-19,2.636,263.6
69,Arizona,1997,25.25,15-19,2.3605,236.05
70,Arizona,1998,24,15-19,2.085,208.5
71,Arizona,1999,22.75,15-19,1.8095,180.95
72,Arizona,2000,21.5,15-19,0.894117647,89.41176471
73,Arizona,2001,20.76,15-19,0.996470588,99.64705882
74,Arizona,2002,20.02,15-19,1.098823529,109.8823529
75,Arizona,2003,19.28,15-19,1.201176471,120.1176471
76,Arizona,2004,18.54,15-19,1.303529412,130.3529412
77,Arizona,2005,17.8,15-19,1.405882353,140.5882353
78,Arizona,2006,16,15-19,-0.194117647,-19.41176471
79,Arizona,2007,14.5,15-19,-1.480392157,-148.0392157
80,Arizona,2008,15.3,15-19,-0.433333333,-43.33333333
81,Arizona,2009,11.8,15-19,-2.474509804,-247.4509804
82,Arizona,2010,9.1,15-19,-3.978431373,-397.8431373
83,Arizona,2011,9.3,15-19,-2.531372549,-253.1372549
84,Arizona,2012,7.8,15-19,-2.309803922,-230.9803922
85,Arizona,2013,6.7,15-19,-2.296078431,-229.6078431
86,Arizona,2014,5.8,15-19,-2.256862745,-225.6862745
87,Arizona,2015,5.6,15-19,-1.662745098,-166.2745098
88,Arizona,2016,5.9,15-19,-0.892156863,-89.21568627
89,Arizona,2017,5.4,15-19,-1.231372549,-123.1372549
90,Arkansas,1988,27.2,15-19,-8.834,-883.4
91,Arkansas,1989,26.2,15-19,-8.1895,-818.95
92,Arkansas,1990,25.2,15-19,-7.545,-754.5
93,Arkansas,1991,24.2,15-19,-6.9005,-690.05
94,Arkansas,1992,23.2,15-19,-6.256,-625.6
95,Arkansas,1993,21.4,15-19,-6.658,-665.8
96,Arkansas,1994,19.6,15-19,-7.06,-706
97,Arkansas,1995,17.8,15-19,-7.462,-746.2
98,Arkansas,1996,16,15-19,-7.864,-786.4
99,Arkansas,1997,15.075,15-19,-7.8145,-781.45
100,Arkansas,1998,14.15,15-19,-7.765,-776.5
101,Arkansas,1999,13.225,15-19,-7.7155,-771.55
102,Arkansas,2000,12.3,15-19,-8.305882353,-830.5882353
103,Arkansas,2001,11.54,15-19,-8.223529412,-822.3529412
104,Arkansas,2002,10.78,15-19,-8.141176471,-814.1176471
105,Arkansas,2003,10.02,15-19,-8.058823529,-805.8823529
106,Arkansas,2004,9.26,15-19,-7.976470588,-797.6470588
107,Arkansas,2005,8.5,15-19,-7.894117647,-789.4117647
108,Arkansas,2006,10.2,15-19,-5.994117647,-599.4117647
109,Arkansas,2007,9.9,15-19,-6.080392157,-608.0392157
110,Arkansas,2008,9.8,15-19,-5.933333333,-593.3333333
111,Arkansas,2009,9.1,15-19,-5.174509804,-517.4509804
112,Arkansas,2010,8.8,15-19,-4.278431373,-427.8431373
113,Arkansas,2011,7.7,15-19,-4.131372549,-413.1372549
114,Arkansas,2012,7.1,15-19,-3.009803922,-300.9803922
115,Arkansas,2013,5.8,15-19,-3.196078431,-319.6078431
116,Arkansas,2014,5,15-19,-3.056862745,-305.6862745
117,Arkansas,2015,4.2,15-19,-3.062745098,-306.2745098
118,Arkansas,2016,3.9,15-19,-2.892156863,-289.2156863
119,Arkansas,2017,4,15-19,-2.631372549,-263.1372549
120,California,1988,75,15-19,38.966,3896.6
121,California,1989,71.9,15-19,37.5105,3751.05
122,California,1990,68.8,15-19,36.055,3605.5
123,California,1991,65.7,15-19,34.5995,3459.95
124,California,1992,62.6,15-19,33.144,3314.4
125,California,1993,58.6,15-19,30.542,3054.2
126,California,1994,54.6,15-19,27.94,2794
127,California,1995,50.6,15-19,25.338,2533.8
128,California,1996,46.6,15-19,22.736,2273.6
129,California,1997,44.025,15-19,21.1355,2113.55
130,California,1998,41.45,15-19,19.535,1953.5
131,California,1999,38.875,15-19,17.9345,1793.45
132,California,2000,36.3,15-19,15.69411765,1569.411765
133,California,2001,34.3,15-19,14.53647059,1453.647059
134,California,2002,32.3,15-19,13.37882353,1337.882353
135,California,2003,30.3,15-19,12.22117647,1222.117647
136,California,2004,28.3,15-19,11.06352941,1106.352941
137,California,2005,26.3,15-19,9.905882353,990.5882353
138,California,2006,26.5,15-19,10.30588235,1030.588235
139,California,2007,27,15-19,11.01960784,1101.960784
140,California,2008,25.1,15-19,9.366666667,936.6666667
141,California,2009,22.7,15-19,8.425490196,842.5490196
142,California,2010,20.2,15-19,7.121568627,712.1568627
143,California,2011,17.9,15-19,6.068627451,606.8627451
144,California,2012,15.9,15-19,5.790196078,579.0196078
145,California,2013,14.4,15-19,5.403921569,540.3921569
146,California,2014,12.7,15-19,4.643137255,464.3137255
147,California,2015,11.4,15-19,4.137254902,413.7254902
148,California,2016,10.3,15-19,3.507843137,350.7843137
149,California,2017,9.6,15-19,2.968627451,296.8627451
150,Colorado,1988,38.4,15-19,2.366,236.6
151,Colorado,1989,38.1,15-19,3.7105,371.05
152,Colorado,1990,37.8,15-19,5.055,505.5
153,Colorado,1991,37.5,15-19,6.3995,639.95
154,Colorado,1992,37.2,15-19,7.744,774.4
155,Colorado,1993,35.3,15-19,7.242,724.2
156,Colorado,1994,33.4,15-19,6.74,674
157,Colorado,1995,31.5,15-19,6.238,623.8
158,Colorado,1996,29.6,15-19,5.736,573.6
159,Colorado,1997,26.925,15-19,4.0355,403.55
160,Colorado,1998,24.25,15-19,2.335,233.5
161,Colorado,1999,21.575,15-19,0.6345,63.45
162,Colorado,2000,18.9,15-19,-1.705882353,-170.5882353
163,Colorado,2001,18.42,15-19,-1.343529412,-134.3529412
164,Colorado,2002,17.94,15-19,-0.981176471,-98.11764706
165,Colorado,2003,17.46,15-19,-0.618823529,-61.88235294
166,Colorado,2004,16.98,15-19,-0.256470588,-25.64705882
167,Colorado,2005,16.5,15-19,0.105882353,10.58823529
168,Colorado,2006,16.4,15-19,0.205882353,20.58823529
169,Colorado,2007,17.1,15-19,1.119607843,111.9607843
170,Colorado,2008,16,15-19,0.266666667,26.66666667
171,Colorado,2009,14.2,15-19,-0.074509804,-7.450980392
172,Colorado,2010,12.5,15-19,-0.578431373,-57.84313725
173,Colorado,2011,11,15-19,-0.831372549,-83.1372549
174,Colorado,2012,9.7,15-19,-0.409803922,-40.98039216
175,Colorado,2013,8.3,15-19,-0.696078431,-69.60784314
176,Colorado,2014,7.5,15-19,-0.556862745,-55.68627451
177,Colorado,2015,6.9,15-19,-0.362745098,-36.2745098
178,Colorado,2016,6.2,15-19,-0.592156863,-59.21568627
179,Colorado,2017,6.2,15-19,-0.431372549,-43.1372549
180,Connecticut,1988,55.3,15-19,19.266,1926.6
181,Connecticut,1989,52.5,15-19,18.1105,1811.05
182,Connecticut,1990,49.7,15-19,16.955,1695.5
183,Connecticut,1991,46.9,15-19,15.7995,1579.95
184,Connecticut,1992,44.1,15-19,14.644,1464.4
185,Connecticut,1993,42.3,15-19,14.242,1424.2
186,Connecticut,1994,40.5,15-19,13.84,1384
187,Connecticut,1995,38.7,15-19,13.438,1343.8
188,Connecticut,1996,36.9,15-19,13.036,1303.6
189,Connecticut,1997,35.225,15-19,12.3355,1233.55
190,Connecticut,1998,33.55,15-19,11.635,1163.5
191,Connecticut,1999,31.875,15-19,10.9345,1093.45
192,Connecticut,2000,30.2,15-19,9.594117647,959.4117647
193,Connecticut,2001,29.5,15-19,9.736470588,973.6470588
194,Connecticut,2002,28.8,15-19,9.878823529,987.8823529
195,Connecticut,2003,28.1,15-19,10.02117647,1002.117647
196,Connecticut,2004,27.4,15-19,10.16352941,1016.352941
197,Connecticut,2005,26.7,15-19,10.30588235,1030.588235
198,Connecticut,2006,27.6,15-19,11.40588235,1140.588235
199,Connecticut,2007,27.3,15-19,11.31960784,1131.960784
200,Connecticut,2008,26,15-19,10.26666667,1026.666667
201,Connecticut,2009,23.1,15-19,8.825490196,882.5490196
202,Connecticut,2010,20,15-19,6.921568627,692.1568627
203,Connecticut,2011,16.8,15-19,4.968627451,496.8627451
204,Connecticut,2012,14,15-19,3.890196078,389.0196078
205,Connecticut,2013,12.7,15-19,3.703921569,370.3921569
206,Connecticut,2014,11.7,15-19,3.643137255,364.3137255
207,Connecticut,2015,10.7,15-19,3.437254902,343.7254902
208,Connecticut,2016,9.2,15-19,2.407843137,240.7843137
209,Connecticut,2017,9.3,15-19,2.668627451,266.8627451
210,Delaware,1988,49,15-19,12.966,1296.6
211,Delaware,1989,47.625,15-19,13.2355,1323.55
212,Delaware,1990,46.25,15-19,13.505,1350.5
213,Delaware,1991,44.875,15-19,13.7745,1377.45
214,Delaware,1992,43.5,15-19,14.044,1404.4
215,Delaware,1993,38.575,15-19,10.517,1051.7
216,Delaware,1994,33.65,15-19,6.99,699
217,Delaware,1995,28.725,15-19,3.463,346.3
218,Delaware,1996,23.8,15-19,-0.064,-6.4
219,Delaware,1997,25.625,15-19,2.7355,273.55
220,Delaware,1998,27.45,15-19,5.535,553.5
221,Delaware,1999,29.275,15-19,8.3345,833.45
222,Delaware,2000,31.1,15-19,10.49411765,1049.411765
223,Delaware,2001,29.84,15-19,10.07647059,1007.647059
224,Delaware,2002,28.58,15-19,9.658823529,965.8823529
225,Delaware,2003,27.32,15-19,9.241176471,924.1176471
226,Delaware,2004,26.06,15-19,8.823529412,882.3529412
227,Delaware,2005,24.8,15-19,8.405882353,840.5882353
228,Delaware,2006,28.3,15-19,12.10588235,1210.588235
229,Delaware,2007,34.3,15-19,18.31960784,1831.960784
230,Delaware,2008,32.7,15-19,16.96666667,1696.666667
231,Delaware,2009,26.3,15-19,12.0254902,1202.54902
232,Delaware,2010,28.2,15-19,15.12156863,1512.156863
233,Delaware,2011,22.7,15-19,10.86862745,1086.862745
234,Delaware,2012,16.8,15-19,6.690196078,669.0196078
235,Delaware,2013,15.2,15-19,6.203921569,620.3921569
236,Delaware,2014,13.5,15-19,5.443137255,544.3137255
237,Delaware,2015,12.1,15-19,4.837254902,483.7254902
238,Delaware,2016,11,15-19,4.207843137,420.7843137
239,Delaware,2017,8.4,15-19,1.768627451,176.8627451
240,District of Columbia,1988,,15-19,,0
241,District of Columbia,1989,,15-19,,0
242,District of Columbia,1990,,15-19,,0
243,District of Columbia,1991,,15-19,,0
244,District of Columbia,1992,,15-19,,0
245,District of Columbia,1993,,15-19,,0
246,District of Columbia,1994,,15-19,,0
247,District of Columbia,1995,,15-19,,0
248,District of Columbia,1996,,15-19,,0
249,District of Columbia,1997,,15-19,,0
250,District of Columbia,1998,,15-19,,0
251,District of Columbia,1999,,15-19,,0
252,District of Columbia,2000,52.6,15-19,31.99411765,3199.411765
253,District of Columbia,2001,52.94,15-19,33.17647059,3317.647059
254,District of Columbia,2002,53.28,15-19,34.35882353,3435.882353
255,District of Columbia,2003,53.62,15-19,35.54117647,3554.117647
256,District of Columbia,2004,53.96,15-19,36.72352941,3672.352941
257,District of Columbia,2005,54.3,15-19,37.90588235,3790.588235
258,District of Columbia,2006,50,15-19,33.80588235,3380.588235
259,District of Columbia,2007,40.1,15-19,24.11960784,2411.960784
260,District of Columbia,2008,46.8,15-19,31.06666667,3106.666667
261,District of Columbia,2009,38.2,15-19,23.9254902,2392.54902
262,District of Columbia,2010,32.7,15-19,19.62156863,1962.156863
263,District of Columbia,2011,25.6,15-19,13.76862745,1376.862745
264,District of Columbia,2012,20.3,15-19,10.19019608,1019.019608
265,District of Columbia,2013,26.4,15-19,17.40392157,1740.392157
266,District of Columbia,2014,21.8,15-19,13.74313725,1374.313725
267,District of Columbia,2015,15.3,15-19,8.037254902,803.7254902
268,District of Columbia,2016,12.2,15-19,5.407843137,540.7843137
269,District of Columbia,2017,19.8,15-19,13.16862745,1316.862745
270,Florida,1988,51.1,15-19,15.066,1506.6
271,Florida,1989,48.775,15-19,14.3855,1438.55
272,Florida,1990,46.45,15-19,13.705,1370.5
273,Florida,1991,44.125,15-19,13.0245,1302.45
274,Florida,1992,41.8,15-19,12.344,1234.4
275,Florida,1993,41.55,15-19,13.492,1349.2
276,Florida,1994,41.3,15-19,14.64,1464
277,Florida,1995,41.05,15-19,15.788,1578.8
278,Florida,1996,40.8,15-19,16.936,1693.6
279,Florida,1997,39.025,15-19,16.1355,1613.55
280,Florida,1998,37.25,15-19,15.335,1533.5
281,Florida,1999,35.475,15-19,14.5345,1453.45
282,Florida,2000,33.7,15-19,13.09411765,1309.411765
283,Florida,2001,31.9,15-19,12.13647059,1213.647059
284,Florida,2002,30.1,15-19,11.17882353,1117.882353
285,Florida,2003,28.3,15-19,10.22117647,1022.117647
286,Florida,2004,26.5,15-19,9.263529412,926.3529412
287,Florida,2005,24.7,15-19,8.305882353,830.5882353
288,Florida,2006,24.3,15-19,8.105882353,810.5882353
289,Florida,2007,24.4,15-19,8.419607843,841.9607843
290,Florida,2008,23.1,15-19,7.366666667,736.6666667
291,Florida,2009,21.7,15-19,7.425490196,742.5490196
292,Florida,2010,20.2,15-19,7.121568627,712.1568627
293,Florida,2011,18.6,15-19,6.768627451,676.8627451
294,Florida,2012,16.5,15-19,6.390196078,639.0196078
295,Florida,2013,14.8,15-19,5.803921569,580.3921569
296,Florida,2014,13.3,15-19,5.243137255,524.3137255
297,Florida,2015,11.7,15-19,4.437254902,443.7254902
298,Florida,2016,10.6,15-19,3.807843137,380.7843137
299,Florida,2017,9.1,15-19,2.468627451,246.8627451
300,Georgia,1988,35.7,15-19,-0.334,-33.4
301,Georgia,1989,35.225,15-19,0.8355,83.55
302,Georgia,1990,34.75,15-19,2.005,200.5
303,Georgia,1991,34.275,15-19,3.1745,317.45
304,Georgia,1992,33.8,15-19,4.344,434.4
305,Georgia,1993,31.7,15-19,3.642,364.2
306,Georgia,1994,29.6,15-19,2.94,294
307,Georgia,1995,27.5,15-19,2.238,223.8
308,Georgia,1996,25.4,15-19,1.536,153.6
309,Georgia,1997,23.625,15-19,0.7355,73.55
310,Georgia,1998,21.85,15-19,-0.065,-6.5
311,Georgia,1999,20.075,15-19,-0.8655,-86.55
312,Georgia,2000,18.3,15-19,-2.305882353,-230.5882353
313,Georgia,2001,17.6,15-19,-2.163529412,-216.3529412
314,Georgia,2002,16.9,15-19,-2.021176471,-202.1176471
315,Georgia,2003,16.2,15-19,-1.878823529,-187.8823529
316,Georgia,2004,15.5,15-19,-1.736470588,-173.6470588
317,Georgia,2005,14.8,15-19,-1.594117647,-159.4117647
318,Georgia,2006,14.1,15-19,-2.094117647,-209.4117647
319,Georgia,2007,15,15-19,-0.980392157,-98.03921569
320,Georgia,2008,16.5,15-19,0.766666667,76.66666667
321,Georgia,2009,15,15-19,0.725490196,72.54901961
322,Georgia,2010,13.3,15-19,0.221568627,22.15686275
323,Georgia,2011,12.6,15-19,0.768627451,76.8627451
324,Georgia,2012,11.3,15-19,1.190196078,119.0196078
325,Georgia,2013,10,15-19,1.003921569,100.3921569
326,Georgia,2014,9,15-19,0.943137255,94.31372549
327,Georgia,2015,8.2,15-19,0.937254902,93.7254902
328,Georgia,2016,7.9,15-19,1.107843137,110.7843137
329,Georgia,2017,7.4,15-19,0.768627451,76.8627451
330,Hawaii,1988,65.9,15-19,29.866,2986.6
331,Hawaii,1989,66.425,15-19,32.0355,3203.55
332,Hawaii,1990,66.95,15-19,34.205,3420.5
333,Hawaii,1991,67.475,15-19,36.3745,3637.45
334,Hawaii,1992,68,15-19,38.544,3854.4
335,Hawaii,1993,61,15-19,32.942,3294.2
336,Hawaii,1994,54,15-19,27.34,2734
337,Hawaii,1995,47,15-19,21.738,2173.8
338,Hawaii,1996,40,15-19,16.136,1613.6
339,Hawaii,1997,38.575,15-19,15.6855,1568.55
340,Hawaii,1998,37.15,15-19,15.235,1523.5
341,Hawaii,1999,35.725,15-19,14.7845,1478.45
342,Hawaii,2000,34.3,15-19,13.69411765,1369.411765
343,Hawaii,2001,32.46,15-19,12.69647059,1269.647059
344,Hawaii,2002,30.62,15-19,11.69882353,1169.882353
345,Hawaii,2003,28.78,15-19,10.70117647,1070.117647
346,Hawaii,2004,26.94,15-19,9.703529412,970.3529412
347,Hawaii,2005,25.1,15-19,8.705882353,870.5882353
348,Hawaii,2006,26.5,15-19,10.30588235,1030.588235
349,Hawaii,2007,26.7,15-19,10.71960784,1071.960784
350,Hawaii,2008,27.2,15-19,11.46666667,1146.666667
351,Hawaii,2009,23.8,15-19,9.525490196,952.5490196
352,Hawaii,2010,23.9,15-19,10.82156863,1082.156863
353,Hawaii,2011,23,15-19,11.16862745,1116.862745
354,Hawaii,2012,18.3,15-19,8.190196078,819.0196078
355,Hawaii,2013,13.2,15-19,4.203921569,420.3921569
356,Hawaii,2014,11.4,15-19,3.343137255,334.3137255
357,Hawaii,2015,9.5,15-19,2.237254902,223.7254902
358,Hawaii,2016,8.4,15-19,1.607843137,160.7843137
359,Hawaii,2017,8.3,15-19,1.668627451,166.8627451
360,Idaho,1988,17.7,15-19,-18.334,-1833.4
361,Idaho,1989,16.775,15-19,-17.6145,-1761.45
362,Idaho,1990,15.85,15-19,-16.895,-1689.5
363,Idaho,1991,14.925,15-19,-16.1755,-1617.55
364,Idaho,1992,14,15-19,-15.456,-1545.6
365,Idaho,1993,13.5,15-19,-14.558,-1455.8
366,Idaho,1994,13,15-19,-13.66,-1366
367,Idaho,1995,12.5,15-19,-12.762,-1276.2
368,Idaho,1996,12,15-19,-11.864,-1186.4
369,Idaho,1997,11.475,15-19,-11.4145,-1141.45
370,Idaho,1998,10.95,15-19,-10.965,-1096.5
371,Idaho,1999,10.425,15-19,-10.5155,-1051.55
372,Idaho,2000,9.9,15-19,-10.70588235,-1070.588235
373,Idaho,2001,9.66,15-19,-10.10352941,-1010.352941
374,Idaho,2002,9.42,15-19,-9.501176471,-950.1176471
375,Idaho,2003,9.18,15-19,-8.898823529,-889.8823529
376,Idaho,2004,8.94,15-19,-8.296470588,-829.6470588
377,Idaho,2005,8.7,15-19,-7.694117647,-769.4117647
378,Idaho,2006,9.9,15-19,-6.294117647,-629.4117647
379,Idaho,2007,10.2,15-19,-5.780392157,-578.0392157
380,Idaho,2008,8.4,15-19,-7.333333333,-733.3333333
381,Idaho,2009,7.5,15-19,-6.774509804,-677.4509804
382,Idaho,2010,7,15-19,-6.078431373,-607.8431373
383,Idaho,2011,6,15-19,-5.831372549,-583.1372549
384,Idaho,2012,6.1,15-19,-4.009803922,-400.9803922
385,Idaho,2013,4.2,15-19,-4.796078431,-479.6078431
386,Idaho,2014,4.1,15-19,-3.956862745,-395.6862745
387,Idaho,2015,4,15-19,-3.262745098,-326.2745098
388,Idaho,2016,3.8,15-19,-2.992156863,-299.2156863
389,Idaho,2017,3.4,15-19,-3.231372549,-323.1372549
390,Illinois,1988,42.2,15-19,6.166,616.6
391,Illinois,1989,39.675,15-19,5.2855,528.55
392,Illinois,1990,37.15,15-19,4.405,440.5
393,Illinois,1991,34.625,15-19,3.5245,352.45
394,Illinois,1992,32.1,15-19,2.644,264.4
395,Illinois,1993,32.8,15-19,4.742,474.2
396,Illinois,1994,33.5,15-19,6.84,684
397,Illinois,1995,34.2,15-19,8.938,893.8
398,Illinois,1996,34.9,15-19,11.036,1103.6
399,Illinois,1997,33.125,15-19,10.2355,1023.55
400,Illinois,1998,31.35,15-19,9.435,943.5
401,Illinois,1999,29.575,15-19,8.6345,863.45
402,Illinois,2000,27.8,15-19,7.194117647,719.4117647
403,Illinois,2001,26.06,15-19,6.296470588,629.6470588
404,Illinois,2002,24.32,15-19,5.398823529,539.8823529
405,Illinois,2003,22.58,15-19,4.501176471,450.1176471
406,Illinois,2004,20.84,15-19,3.603529412,360.3529412
407,Illinois,2005,19.1,15-19,2.705882353,270.5882353
408,Illinois,2006,18.5,15-19,2.305882353,230.5882353
409,Illinois,2007,19.1,15-19,3.119607843,311.9607843
410,Illinois,2008,19.9,15-19,4.166666667,416.6666667
411,Illinois,2009,17.6,15-19,3.325490196,332.5490196
412,Illinois,2010,15.7,15-19,2.621568627,262.1568627
413,Illinois,2011,14.5,15-19,2.668627451,266.8627451
414,Illinois,2012,13.3,15-19,3.190196078,319.0196078
415,Illinois,2013,12.3,15-19,3.303921569,330.3921569
416,Illinois,2014,10.6,15-19,2.543137255,254.3137255
417,Illinois,2015,9.3,15-19,2.037254902,203.7254902
418,Illinois,2016,8.4,15-19,1.607843137,160.7843137
419,Illinois,2017,8.6,15-19,1.968627451,196.8627451
420,Indiana,1988,24.5,15-19,-11.534,-1153.4
421,Indiana,1989,23.875,15-19,-10.5145,-1051.45
422,Indiana,1990,23.25,15-19,-9.495,-949.5
423,Indiana,1991,22.625,15-19,-8.4755,-847.55
424,Indiana,1992,22,15-19,-7.456,-745.6
425,Indiana,1993,21.05,15-19,-7.008,-700.8
426,Indiana,1994,20.1,15-19,-6.56,-656
427,Indiana,1995,19.15,15-19,-6.112,-611.2
428,Indiana,1996,18.2,15-19,-5.664,-566.4
429,Indiana,1997,16.75,15-19,-6.1395,-613.95
430,Indiana,1998,15.3,15-19,-6.615,-661.5
431,Indiana,1999,13.85,15-19,-7.0905,-709.05
432,Indiana,2000,12.4,15-19,-8.205882353,-820.5882353
433,Indiana,2001,11.82,15-19,-7.943529412,-794.3529412
434,Indiana,2002,11.24,15-19,-7.681176471,-768.1176471
435,Indiana,2003,10.66,15-19,-7.418823529,-741.8823529
436,Indiana,2004,10.08,15-19,-7.156470588,-715.6470588
437,Indiana,2005,9.5,15-19,-6.894117647,-689.4117647
438,Indiana,2006,8.8,15-19,-7.394117647,-739.4117647
439,Indiana,2007,8.9,15-19,-7.080392157,-708.0392157
440,Indiana,2008,8.4,15-19,-7.333333333,-733.3333333
441,Indiana,2009,8.2,15-19,-6.074509804,-607.4509804
442,Indiana,2010,7.4,15-19,-5.678431373,-567.8431373
443,Indiana,2011,6.2,15-19,-5.631372549,-563.1372549
444,Indiana,2012,5.6,15-19,-4.509803922,-450.9803922
445,Indiana,2013,5.2,15-19,-3.796078431,-379.6078431
446,Indiana,2014,5.1,15-19,-2.956862745,-295.6862745
447,Indiana,2015,4.7,15-19,-2.562745098,-256.2745098
448,Indiana,2016,4.7,15-19,-2.092156863,-209.2156863
449,Indiana,2017,4.8,15-19,-1.831372549,-183.1372549
450,Iowa,1988,26.7,15-19,-9.334,-933.4
451,Iowa,1989,24.05,15-19,-10.3395,-1033.95
452,Iowa,1990,21.4,15-19,-11.345,-1134.5
453,Iowa,1991,18.75,15-19,-12.3505,-1235.05
454,Iowa,1992,16.1,15-19,-13.356,-1335.6
455,Iowa,1993,14.975,15-19,-13.083,-1308.3
456,Iowa,1994,13.85,15-19,-12.81,-1281
457,Iowa,1995,12.725,15-19,-12.537,-1253.7
458,Iowa,1996,11.6,15-19,-12.264,-1226.4
459,Iowa,1997,11.725,15-19,-11.1645,-1116.45
460,Iowa,1998,11.85,15-19,-10.065,-1006.5
461,Iowa,1999,11.975,15-19,-8.9655,-896.55
462,Iowa,2000,12.1,15-19,-8.505882353,-850.5882353
463,Iowa,2001,11.74,15-19,-8.023529412,-802.3529412
464,Iowa,2002,11.38,15-19,-7.541176471,-754.1176471
465,Iowa,2003,11.02,15-19,-7.058823529,-705.8823529
466,Iowa,2004,10.66,15-19,-6.576470588,-657.6470588
467,Iowa,2005,10.3,15-19,-6.094117647,-609.4117647
468,Iowa,2006,10.5,15-19,-5.694117647,-569.4117647
469,Iowa,2007,10.8,15-19,-5.180392157,-518.0392157
470,Iowa,2008,10,15-19,-5.733333333,-573.3333333
471,Iowa,2009,10,15-19,-4.274509804,-427.4509804
472,Iowa,2010,8.9,15-19,-4.178431373,-417.8431373
473,Iowa,2011,7.7,15-19,-4.131372549,-413.1372549
474,Iowa,2012,6.5,15-19,-3.609803922,-360.9803922
475,Iowa,2013,4.8,15-19,-4.196078431,-419.6078431
476,Iowa,2014,4.5,15-19,-3.556862745,-355.6862745
477,Iowa,2015,4.3,15-19,-2.962745098,-296.2745098
478,Iowa,2016,4.2,15-19,-2.592156863,-259.2156863
479,Iowa,2017,3.5,15-19,-3.131372549,-313.1372549
480,Kansas,1988,26.8,15-19,-9.234,-923.4
481,Kansas,1989,25.45,15-19,-8.9395,-893.95
482,Kansas,1990,24.1,15-19,-8.645,-864.5
483,Kansas,1991,22.75,15-19,-8.3505,-835.05
484,Kansas,1992,21.4,15-19,-8.056,-805.6
485,Kansas,1993,20.3,15-19,-7.758,-775.8
486,Kansas,1994,19.2,15-19,-7.46,-746
487,Kansas,1995,18.1,15-19,-7.162,-716.2
488,Kansas,1996,17,15-19,-6.864,-686.4
489,Kansas,1997,15.825,15-19,-7.0645,-706.45
490,Kansas,1998,14.65,15-19,-7.265,-726.5
491,Kansas,1999,13.475,15-19,-7.4655,-746.55
492,Kansas,2000,12.3,15-19,-8.305882353,-830.5882353
493,Kansas,2001,11.72,15-19,-8.043529412,-804.3529412
494,Kansas,2002,11.14,15-19,-7.781176471,-778.1176471
495,Kansas,2003,10.56,15-19,-7.518823529,-751.8823529
496,Kansas,2004,9.98,15-19,-7.256470588,-725.6470588
497,Kansas,2005,9.4,15-19,-6.994117647,-699.4117647
498,Kansas,2006,9.5,15-19,-6.694117647,-669.4117647
499,Kansas,2007,9.2,15-19,-6.780392157,-678.0392157
500,Kansas,2008,9.1,15-19,-6.633333333,-663.3333333
501,Kansas,2009,7.4,15-19,-6.874509804,-687.4509804
502,Kansas,2010,5.5,15-19,-7.578431373,-757.8431373
503,Kansas,2011,5,15-19,-6.831372549,-683.1372549
504,Kansas,2012,5,15-19,-5.109803922,-510.9803922
505,Kansas,2013,4.4,15-19,-4.596078431,-459.6078431
506,Kansas,2014,4.1,15-19,-3.956862745,-395.6862745
507,Kansas,2015,3.6,15-19,-3.662745098,-366.2745098
508,Kansas,2016,3.4,15-19,-3.392156863,-339.2156863
509,Kansas,2017,3.7,15-19,-2.931372549,-293.1372549
510,Kentucky,1988,21.9,15-19,-14.134,-1413.4
511,Kentucky,1989,21.25,15-19,-13.1395,-1313.95
512,Kentucky,1990,20.6,15-19,-12.145,-1214.5
513,Kentucky,1991,19.95,15-19,-11.1505,-1115.05
514,Kentucky,1992,19.3,15-19,-10.156,-1015.6
515,Kentucky,1993,17.475,15-19,-10.583,-1058.3
516,Kentucky,1994,15.65,15-19,-11.01,-1101
517,Kentucky,1995,13.825,15-19,-11.437,-1143.7
518,Kentucky,1996,12,15-19,-11.864,-1186.4
519,Kentucky,1997,11.075,15-19,-11.8145,-1181.45
520,Kentucky,1998,10.15,15-19,-11.765,-1176.5
521,Kentucky,1999,9.225,15-19,-11.7155,-1171.55
522,Kentucky,2000,8.3,15-19,-12.30588235,-1230.588235
523,Kentucky,2001,7.9,15-19,-11.86352941,-1186.352941
524,Kentucky,2002,7.5,15-19,-11.42117647,-1142.117647
525,Kentucky,2003,7.1,15-19,-10.97882353,-1097.882353
526,Kentucky,2004,6.7,15-19,-10.53647059,-1053.647059
527,Kentucky,2005,6.3,15-19,-10.09411765,-1009.411765
528,Kentucky,2006,7,15-19,-9.194117647,-919.4117647
529,Kentucky,2007,7.3,15-19,-8.680392157,-868.0392157
530,Kentucky,2008,7,15-19,-8.733333333,-873.3333333
531,Kentucky,2009,7.1,15-19,-7.174509804,-717.4509804
532,Kentucky,2010,6.2,15-19,-6.878431373,-687.8431373
533,Kentucky,2011,5.9,15-19,-5.931372549,-593.1372549
534,Kentucky,2012,5,15-19,-5.109803922,-510.9803922
535,Kentucky,2013,4.8,15-19,-4.196078431,-419.6078431
536,Kentucky,2014,4.4,15-19,-3.656862745,-365.6862745
537,Kentucky,2015,3.7,15-19,-3.562745098,-356.2745098
538,Kentucky,2016,3.4,15-19,-3.392156863,-339.2156863
539,Kentucky,2017,3.3,15-19,-3.331372549,-333.1372549
540,Louisiana,1988,22.7,15-19,-13.334,-1333.4
541,Louisiana,1989,20.825,15-19,-13.5645,-1356.45
542,Louisiana,1990,18.95,15-19,-13.795,-1379.5
543,Louisiana,1991,17.075,15-19,-14.0255,-1402.55
544,Louisiana,1992,15.2,15-19,-14.256,-1425.6
545,Louisiana,1993,15.25,15-19,-12.808,-1280.8
546,Louisiana,1994,15.3,15-19,-11.36,-1136
547,Louisiana,1995,15.35,15-19,-9.912,-991.2
548,Louisiana,1996,15.4,15-19,-8.464,-846.4
549,Louisiana,1997,14.375,15-19,-8.5145,-851.45
550,Louisiana,1998,13.35,15-19,-8.565,-856.5
551,Louisiana,1999,12.325,15-19,-8.6155,-861.55
552,Louisiana,2000,11.3,15-19,-9.305882353,-930.5882353
553,Louisiana,2001,10.94,15-19,-8.823529412,-882.3529412
554,Louisiana,2002,10.58,15-19,-8.341176471,-834.1176471
555,Louisiana,2003,10.22,15-19,-7.858823529,-785.8823529
556,Louisiana,2004,9.86,15-19,-7.376470588,-737.6470588
557,Louisiana,2005,9.5,15-19,-6.894117647,-689.4117647
558,Louisiana,2006,11.5,15-19,-4.694117647,-469.4117647
559,Louisiana,2007,12.6,15-19,-3.380392157,-338.0392157
560,Louisiana,2008,14.1,15-19,-1.633333333,-163.3333333
561,Louisiana,2009,13,15-19,-1.274509804,-127.4509804
562,Louisiana,2010,10.6,15-19,-2.478431373,-247.8431373
563,Louisiana,2011,10.3,15-19,-1.531372549,-153.1372549
564,Louisiana,2012,8,15-19,-2.109803922,-210.9803922
565,Louisiana,2013,6.7,15-19,-2.296078431,-229.6078431
566,Louisiana,2014,6.1,15-19,-1.956862745,-195.6862745
567,Louisiana,2015,5.9,15-19,-1.362745098,-136.2745098
568,Louisiana,2016,6.1,15-19,-0.692156863,-69.21568627
569,Louisiana,2017,5.8,15-19,-0.831372549,-83.1372549
570,Maine,1988,29.1,15-19,-6.934,-693.4
571,Maine,1989,26.925,15-19,-7.4645,-746.45
572,Maine,1990,24.75,15-19,-7.995,-799.5
573,Maine,1991,22.575,15-19,-8.5255,-852.55
574,Maine,1992,20.4,15-19,-9.056,-905.6
575,Maine,1993,20.025,15-19,-8.033,-803.3
576,Maine,1994,19.65,15-19,-7.01,-701
577,Maine,1995,19.275,15-19,-5.987,-598.7
578,Maine,1996,18.9,15-19,-4.964,-496.4
579,Maine,1997,17.95,15-19,-4.9395,-493.95
580,Maine,1998,17,15-19,-4.915,-491.5
581,Maine,1999,16.05,15-19,-4.8905,-489.05
582,Maine,2000,15.1,15-19,-5.505882353,-550.5882353
583,Maine,2001,14.54,15-19,-5.223529412,-522.3529412
584,Maine,2002,13.98,15-19,-4.941176471,-494.1176471
585,Maine,2003,13.42,15-19,-4.658823529,-465.8823529
586,Maine,2004,12.86,15-19,-4.376470588,-437.6470588
587,Maine,2005,12.3,15-19,-4.094117647,-409.4117647
588,Maine,2006,11.6,15-19,-4.594117647,-459.4117647
589,Maine,2007,12.2,15-19,-3.780392157,-378.0392157
590,Maine,2008,11.9,15-19,-3.833333333,-383.3333333
591,Maine,2009,10.7,15-19,-3.574509804,-357.4509804
592,Maine,2010,10.1,15-19,-2.978431373,-297.8431373
593,Maine,2011,8.3,15-19,-3.531372549,-353.1372549
594,Maine,2012,8.6,15-19,-1.509803922,-150.9803922
595,Maine,2013,7.8,15-19,-1.196078431,-119.6078431
596,Maine,2014,6.9,15-19,-1.156862745,-115.6862745
597,Maine,2015,6.4,15-19,-0.862745098,-86.2745098
598,Maine,2016,5.8,15-19,-0.992156863,-99.21568627
599,Maine,2017,6.4,15-19,-0.231372549,-23.1372549
600,Maryland,1988,58.5,15-19,22.466,2246.6
601,Maryland,1989,56.85,15-19,22.4605,2246.05
602,Maryland,1990,55.2,15-19,22.455,2245.5
603,Maryland,1991,53.55,15-19,22.4495,2244.95
604,Maryland,1992,51.9,15-19,22.444,2244.4
605,Maryland,1993,50.35,15-19,22.292,2229.2
606,Maryland,1994,48.8,15-19,22.14,2214
607,Maryland,1995,47.25,15-19,21.988,2198.8
608,Maryland,1996,45.7,15-19,21.836,2183.6
609,Maryland,1997,43.775,15-19,20.8855,2088.55
610,Maryland,1998,41.85,15-19,19.935,1993.5
611,Maryland,1999,39.925,15-19,18.9845,1898.45
612,Maryland,2000,38,15-19,17.39411765,1739.411765
613,Maryland,2001,35.4,15-19,15.63647059,1563.647059
614,Maryland,2002,32.8,15-19,13.87882353,1387.882353
615,Maryland,2003,30.2,15-19,12.12117647,1212.117647
616,Maryland,2004,27.6,15-19,10.36352941,1036.352941
617,Maryland,2005,25,15-19,8.605882353,860.5882353
618,Maryland,2006,23.2,15-19,7.005882353,700.5882353
619,Maryland,2007,22.8,15-19,6.819607843,681.9607843
620,Maryland,2008,22.3,15-19,6.566666667,656.6666667
621,Maryland,2009,22.4,15-19,8.125490196,812.5490196
622,Maryland,2010,22.7,15-19,9.621568627,962.1568627
623,Maryland,2011,23.5,15-19,11.66862745,1166.862745
624,Maryland,2012,18.2,15-19,8.090196078,809.0196078
625,Maryland,2013,17.1,15-19,8.103921569,810.3921569
626,Maryland,2014,15.2,15-19,7.143137255,714.3137255
627,Maryland,2015,13.3,15-19,6.037254902,603.7254902
628,Maryland,2016,12.6,15-19,5.807843137,580.7843137
629,Maryland,2017,12.7,15-19,6.068627451,606.8627451
630,Massachusetts,1988,51.3,15-19,15.266,1526.6
631,Massachusetts,1989,47.875,15-19,13.4855,1348.55
632,Massachusetts,1990,44.45,15-19,11.705,1170.5
633,Massachusetts,1991,41.025,15-19,9.9245,992.45
634,Massachusetts,1992,37.6,15-19,8.144,814.4
635,Massachusetts,1993,36.975,15-19,8.917,891.7
636,Massachusetts,1994,36.35,15-19,9.69,969
637,Massachusetts,1995,35.725,15-19,10.463,1046.3
638,Massachusetts,1996,35.1,15-19,11.236,1123.6
639,Massachusetts,1997,32.75,15-19,9.8605,986.05
640,Massachusetts,1998,30.4,15-19,8.485,848.5
641,Massachusetts,1999,28.05,15-19,7.1095,710.95
642,Massachusetts,2000,25.7,15-19,5.094117647,509.4117647
643,Massachusetts,2001,24.48,15-19,4.716470588,471.6470588
644,Massachusetts,2002,23.26,15-19,4.338823529,433.8823529
645,Massachusetts,2003,22.04,15-19,3.961176471,396.1176471
646,Massachusetts,2004,20.82,15-19,3.583529412,358.3529412
647,Massachusetts,2005,19.6,15-19,3.205882353,320.5882353
648,Massachusetts,2006,19.2,15-19,3.005882353,300.5882353
649,Massachusetts,2007,19.3,15-19,3.319607843,331.9607843
650,Massachusetts,2008,17.2,15-19,1.466666667,146.6666667
651,Massachusetts,2009,16,15-19,1.725490196,172.5490196
652,Massachusetts,2010,14.5,15-19,1.421568627,142.1568627
653,Massachusetts,2011,13.2,15-19,1.368627451,136.8627451
654,Massachusetts,2012,12.1,15-19,1.990196078,199.0196078
655,Massachusetts,2013,9.2,15-19,0.203921569,20.39215686
656,Massachusetts,2014,8.6,15-19,0.543137255,54.31372549
657,Massachusetts,2015,7.4,15-19,0.137254902,13.7254902
658,Massachusetts,2016,7,15-19,0.207843137,20.78431373
659,Massachusetts,2017,6.1,15-19,-0.531372549,-53.1372549
660,Michigan,1988,47.3,15-19,11.266,1126.6
661,Michigan,1989,44.625,15-19,10.2355,1023.55
662,Michigan,1990,41.95,15-19,9.205,920.5
663,Michigan,1991,39.275,15-19,8.1745,817.45
664,Michigan,1992,36.6,15-19,7.144,714.4
665,Michigan,1993,34.55,15-19,6.492,649.2
666,Michigan,1994,32.5,15-19,5.84,584
667,Michigan,1995,30.45,15-19,5.188,518.8
668,Michigan,1996,28.4,15-19,4.536,453.6
669,Michigan,1997,27.35,15-19,4.4605,446.05
670,Michigan,1998,26.3,15-19,4.385,438.5
671,Michigan,1999,25.25,15-19,4.3095,430.95
672,Michigan,2000,24.2,15-19,3.594117647,359.4117647
673,Michigan,2001,23.24,15-19,3.476470588,347.6470588
674,Michigan,2002,22.28,15-19,3.358823529,335.8823529
675,Michigan,2003,21.32,15-19,3.241176471,324.1176471
676,Michigan,2004,20.36,15-19,3.123529412,312.3529412
677,Michigan,2005,19.4,15-19,3.005882353,300.5882353
678,Michigan,2006,18,15-19,1.805882353,180.5882353
679,Michigan,2007,17.1,15-19,1.119607843,111.9607843
680,Michigan,2008,17.8,15-19,2.066666667,206.6666667
681,Michigan,2009,16.7,15-19,2.425490196,242.5490196
682,Michigan,2010,14.4,15-19,1.321568627,132.1568627
683,Michigan,2011,12.8,15-19,0.968627451,96.8627451
684,Michigan,2012,11,15-19,0.890196078,89.01960784
685,Michigan,2013,10.1,15-19,1.103921569,110.3921569
686,Michigan,2014,9.1,15-19,1.043137255,104.3137255
687,Michigan,2015,7.9,15-19,0.637254902,63.7254902
688,Michigan,2016,7.5,15-19,0.707843137,70.78431373
689,Michigan,2017,7.1,15-19,0.468627451,46.8627451
690,Minnesota,1988,28.7,15-19,-7.334,-733.4
691,Minnesota,1989,26.15,15-19,-8.2395,-823.95
692,Minnesota,1990,23.6,15-19,-9.145,-914.5
693,Minnesota,1991,21.05,15-19,-10.0505,-1005.05
694,Minnesota,1992,18.5,15-19,-10.956,-1095.6
695,Minnesota,1993,17.75,15-19,-10.308,-1030.8
696,Minnesota,1994,17,15-19,-9.66,-966
697,Minnesota,1995,16.25,15-19,-9.012,-901.2
698,Minnesota,1996,15.5,15-19,-8.364,-836.4
699,Minnesota,1997,14.75,15-19,-8.1395,-813.95
700,Minnesota,1998,14,15-19,-7.915,-791.5
701,Minnesota,1999,13.25,15-19,-7.6905,-769.05
702,Minnesota,2000,12.5,15-19,-8.105882353,-810.5882353
703,Minnesota,2001,12.12,15-19,-7.643529412,-764.3529412
704,Minnesota,2002,11.74,15-19,-7.181176471,-718.1176471
705,Minnesota,2003,11.36,15-19,-6.718823529,-671.8823529
706,Minnesota,2004,10.98,15-19,-6.256470588,-625.6470588
707,Minnesota,2005,10.6,15-19,-5.794117647,-579.4117647
708,Minnesota,2006,10.6,15-19,-5.594117647,-559.4117647
709,Minnesota,2007,10.9,15-19,-5.080392157,-508.0392157
710,Minnesota,2008,9.8,15-19,-5.933333333,-593.3333333
711,Minnesota,2009,9.1,15-19,-5.174509804,-517.4509804
712,Minnesota,2010,7.7,15-19,-5.378431373,-537.8431373
713,Minnesota,2011,7.4,15-19,-4.431372549,-443.1372549
714,Minnesota,2012,6.4,15-19,-3.709803922,-370.9803922
715,Minnesota,2013,5.6,15-19,-3.396078431,-339.6078431
716,Minnesota,2014,4.9,15-19,-3.156862745,-315.6862745
717,Minnesota,2015,4.6,15-19,-2.662745098,-266.2745098
718,Minnesota,2016,4.8,15-19,-1.992156863,-199.2156863
719,Minnesota,2017,4.7,15-19,-1.931372549,-193.1372549
720,Mississippi,1988,16,15-19,-20.034,-2003.4
721,Mississippi,1989,16.8,15-19,-17.5895,-1758.95
722,Mississippi,1990,17.6,15-19,-15.145,-1514.5
723,Mississippi,1991,18.4,15-19,-12.7005,-1270.05
724,Mississippi,1992,19.2,15-19,-10.256,-1025.6
725,Mississippi,1993,18.2,15-19,-9.858,-985.8
726,Mississippi,1994,17.2,15-19,-9.46,-946
727,Mississippi,1995,16.2,15-19,-9.062,-906.2
728,Mississippi,1996,15.2,15-19,-8.664,-866.4
729,Mississippi,1997,15.375,15-19,-7.5145,-751.45
730,Mississippi,1998,15.55,15-19,-6.365,-636.5
731,Mississippi,1999,15.725,15-19,-5.2155,-521.55
732,Mississippi,2000,15.9,15-19,-4.705882353,-470.5882353
733,Mississippi,2001,14.94,15-19,-4.823529412,-482.3529412
734,Mississippi,2002,13.98,15-19,-4.941176471,-494.1176471
735,Mississippi,2003,13.02,15-19,-5.058823529,-505.8823529
736,Mississippi,2004,12.06,15-19,-5.176470588,-517.6470588
737,Mississippi,2005,11.1,15-19,-5.294117647,-529.4117647
738,Mississippi,2006,10.9,15-19,-5.294117647,-529.4117647
739,Mississippi,2007,10.6,15-19,-5.380392157,-538.0392157
740,Mississippi,2008,11.9,15-19,-3.833333333,-383.3333333
741,Mississippi,2009,10.2,15-19,-4.074509804,-407.4509804
742,Mississippi,2010,9.3,15-19,-3.778431373,-377.8431373
743,Mississippi,2011,8.2,15-19,-3.631372549,-363.1372549
744,Mississippi,2012,7.4,15-19,-2.709803922,-270.9803922
745,Mississippi,2013,6.8,15-19,-2.196078431,-219.6078431
746,Mississippi,2014,6.1,15-19,-1.956862745,-195.6862745
747,Mississippi,2015,5.1,15-19,-2.162745098,-216.2745098
748,Mississippi,2016,4.6,15-19,-2.192156863,-219.2156863
749,Mississippi,2017,5.1,15-19,-1.531372549,-153.1372549
750,Missouri,1988,29.9,15-19,-6.134,-613.4
751,Missouri,1989,27.9,15-19,-6.4895,-648.95
752,Missouri,1990,25.9,15-19,-6.845,-684.5
753,Missouri,1991,23.9,15-19,-7.2005,-720.05
754,Missouri,1992,21.9,15-19,-7.556,-755.6
755,Missouri,1993,20.3,15-19,-7.758,-775.8
756,Missouri,1994,18.7,15-19,-7.96,-796
757,Missouri,1995,17.1,15-19,-8.162,-816.2
758,Missouri,1996,15.5,15-19,-8.364,-836.4
759,Missouri,1997,15.15,15-19,-7.7395,-773.95
760,Missouri,1998,14.8,15-19,-7.115,-711.5
761,Missouri,1999,14.45,15-19,-6.4905,-649.05
762,Missouri,2000,14.1,15-19,-6.505882353,-650.5882353
763,Missouri,2001,13.5,15-19,-6.263529412,-626.3529412
764,Missouri,2002,12.9,15-19,-6.021176471,-602.1176471
765,Missouri,2003,12.3,15-19,-5.778823529,-577.8823529
766,Missouri,2004,11.7,15-19,-5.536470588,-553.6470588
767,Missouri,2005,11.1,15-19,-5.294117647,-529.4117647
768,Missouri,2006,11.8,15-19,-4.394117647,-439.4117647
769,Missouri,2007,12.1,15-19,-3.880392157,-388.0392157
770,Missouri,2008,11.3,15-19,-4.433333333,-443.3333333
771,Missouri,2009,10.2,15-19,-4.074509804,-407.4509804
772,Missouri,2010,8.8,15-19,-4.278431373,-427.8431373
773,Missouri,2011,8.2,15-19,-3.631372549,-363.1372549
774,Missouri,2012,7.6,15-19,-2.509803922,-250.9803922
775,Missouri,2013,6.5,15-19,-2.496078431,-249.6078431
776,Missouri,2014,5.3,15-19,-2.756862745,-275.6862745
777,Missouri,2015,5,15-19,-2.262745098,-226.2745098
778,Missouri,2016,5.2,15-19,-1.592156863,-159.2156863
779,Missouri,2017,5.3,15-19,-1.331372549,-133.1372549
780,Montana,1988,23.9,15-19,-12.134,-1213.4
781,Montana,1989,23.8,15-19,-10.5895,-1058.95
782,Montana,1990,23.7,15-19,-9.045,-904.5
783,Montana,1991,23.6,15-19,-7.5005,-750.05
784,Montana,1992,23.5,15-19,-5.956,-595.6
785,Montana,1993,21.95,15-19,-6.108,-610.8
786,Montana,1994,20.4,15-19,-6.26,-626
787,Montana,1995,18.85,15-19,-6.412,-641.2
788,Montana,1996,17.3,15-19,-6.564,-656.4
789,Montana,1997,16.6,15-19,-6.2895,-628.95
790,Montana,1998,15.9,15-19,-6.015,-601.5
791,Montana,1999,15.2,15-19,-5.7405,-574.05
792,Montana,2000,14.5,15-19,-6.105882353,-610.5882353
793,Montana,2001,14.16,15-19,-5.603529412,-560.3529412
794,Montana,2002,13.82,15-19,-5.101176471,-510.1176471
795,Montana,2003,13.48,15-19,-4.598823529,-459.8823529
796,Montana,2004,13.14,15-19,-4.096470588,-409.6470588
797,Montana,2005,12.8,15-19,-3.594117647,-359.4117647
798,Montana,2006,11.4,15-19,-4.794117647,-479.4117647
799,Montana,2007,11.6,15-19,-4.380392157,-438.0392157
800,Montana,2008,11.3,15-19,-4.433333333,-443.3333333
801,Montana,2009,10.8,15-19,-3.474509804,-347.4509804
802,Montana,2010,9.7,15-19,-3.378431373,-337.8431373
803,Montana,2011,10.4,15-19,-1.431372549,-143.1372549
804,Montana,2012,8.6,15-19,-1.509803922,-150.9803922
805,Montana,2013,7,15-19,-1.996078431,-199.6078431
806,Montana,2014,6.8,15-19,-1.256862745,-125.6862745
807,Montana,2015,6.3,15-19,-0.962745098,-96.2745098
808,Montana,2016,5.3,15-19,-1.492156863,-149.2156863
809,Montana,2017,5.9,15-19,-0.731372549,-73.1372549
810,Nebraska,1988,27.9,15-19,-8.134,-813.4
811,Nebraska,1989,25.8,15-19,-8.5895,-858.95
812,Nebraska,1990,23.7,15-19,-9.045,-904.5
813,Nebraska,1991,21.6,15-19,-9.5005,-950.05
814,Nebraska,1992,19.5,15-19,-9.956,-995.6
815,Nebraska,1993,18.075,15-19,-9.983,-998.3
816,Nebraska,1994,16.65,15-19,-10.01,-1001
817,Nebraska,1995,15.225,15-19,-10.037,-1003.7
818,Nebraska,1996,13.8,15-19,-10.064,-1006.4
819,Nebraska,1997,13.425,15-19,-9.4645,-946.45
820,Nebraska,1998,13.05,15-19,-8.865,-886.5
821,Nebraska,1999,12.675,15-19,-8.2655,-826.55
822,Nebraska,2000,12.3,15-19,-8.305882353,-830.5882353
823,Nebraska,2001,11.38,15-19,-8.383529412,-838.3529412
824,Nebraska,2002,10.46,15-19,-8.461176471,-846.1176471
825,Nebraska,2003,9.54,15-19,-8.538823529,-853.8823529
826,Nebraska,2004,8.62,15-19,-8.616470588,-861.6470588
827,Nebraska,2005,7.7,15-19,-8.694117647,-869.4117647
828,Nebraska,2006,6.4,15-19,-9.794117647,-979.4117647
829,Nebraska,2007,6.1,15-19,-9.880392157,-988.0392157
830,Nebraska,2008,6.9,15-19,-8.833333333,-883.3333333
831,Nebraska,2009,6.6,15-19,-7.674509804,-767.4509804
832,Nebraska,2010,5.3,15-19,-7.778431373,-777.8431373
833,Nebraska,2011,6.1,15-19,-5.731372549,-573.1372549
834,Nebraska,2012,4.8,15-19,-5.309803922,-530.9803922
835,Nebraska,2013,4.6,15-19,-4.396078431,-439.6078431
836,Nebraska,2014,3.7,15-19,-4.356862745,-435.6862745
837,Nebraska,2015,3.5,15-19,-3.762745098,-376.2745098
838,Nebraska,2016,3,15-19,-3.792156863,-379.2156863
839,Nebraska,2017,3.2,15-19,-3.431372549,-343.1372549
840,Nevada,1988,56.9,15-19,20.866,2086.6
841,Nevada,1989,55.925,15-19,21.5355,2153.55
842,Nevada,1990,54.95,15-19,22.205,2220.5
843,Nevada,1991,53.975,15-19,22.8745,2287.45
844,Nevada,1992,53,15-19,23.544,2354.4
845,Nevada,1993,52.35,15-19,24.292,2429.2
846,Nevada,1994,51.7,15-19,25.04,2504
847,Nevada,1995,51.05,15-19,25.788,2578.8
848,Nevada,1996,50.4,15-19,26.536,2653.6
849,Nevada,1997,47,15-19,24.1105,2411.05
850,Nevada,1998,43.6,15-19,21.685,2168.5
851,Nevada,1999,40.2,15-19,19.2595,1925.95
852,Nevada,2000,36.8,15-19,16.19411765,1619.411765
853,Nevada,2001,35.16,15-19,15.39647059,1539.647059
854,Nevada,2002,33.52,15-19,14.59882353,1459.882353
855,Nevada,2003,31.88,15-19,13.80117647,1380.117647
856,Nevada,2004,30.24,15-19,13.00352941,1300.352941
857,Nevada,2005,28.6,15-19,12.20588235,1220.588235
858,Nevada,2006,26.9,15-19,10.70588235,1070.588235
859,Nevada,2007,26.3,15-19,10.31960784,1031.960784
860,Nevada,2008,23.5,15-19,7.766666667,776.6666667
861,Nevada,2009,21.9,15-19,7.625490196,762.5490196
862,Nevada,2010,20.2,15-19,7.121568627,712.1568627
863,Nevada,2011,16.9,15-19,5.068627451,506.8627451
864,Nevada,2012,14.4,15-19,4.290196078,429.0196078
865,Nevada,2013,11.5,15-19,2.503921569,250.3921569
866,Nevada,2014,12,15-19,3.943137255,394.3137255
867,Nevada,2015,11,15-19,3.737254902,373.7254902
868,Nevada,2016,10.2,15-19,3.407843137,340.7843137
869,Nevada,2017,9,15-19,2.368627451,236.8627451
870,New Hampshire,1988,44.5,15-19,8.466,846.6
871,New Hampshire,1989,38.825,15-19,4.4355,443.55
872,New Hampshire,1990,33.15,15-19,0.405,40.5
873,New Hampshire,1991,27.475,15-19,-3.6255,-362.55
874,New Hampshire,1992,21.8,15-19,-7.656,-765.6
875,New Hampshire,1993,21.65,15-19,-6.408,-640.8
876,New Hampshire,1994,21.5,15-19,-5.16,-516
877,New Hampshire,1995,21.35,15-19,-3.912,-391.2
878,New Hampshire,1996,21.2,15-19,-2.664,-266.4
879,New Hampshire,1997,20.2,15-19,-2.6895,-268.95
880,New Hampshire,1998,19.2,15-19,-2.715,-271.5
881,New Hampshire,1999,18.2,15-19,-2.7405,-274.05
882,New Hampshire,2000,17.2,15-19,-3.405882353,-340.5882353
883,New Hampshire,2001,15.9,15-19,-3.863529412,-386.3529412
884,New Hampshire,2002,14.6,15-19,-4.321176471,-432.1176471
885,New Hampshire,2003,13.3,15-19,-4.778823529,-477.8823529
886,New Hampshire,2004,12,15-19,-5.236470588,-523.6470588
887,New Hampshire,2005,10.7,15-19,-5.694117647,-569.4117647
888,New Hampshire,2006,10.5,15-19,-5.694117647,-569.4117647
889,New Hampshire,2007,10.6,15-19,-5.380392157,-538.0392157
890,New Hampshire,2008,9.5,15-19,-6.233333333,-623.3333333
891,New Hampshire,2009,9,15-19,-5.274509804,-527.4509804
892,New Hampshire,2010,8.5,15-19,-4.578431373,-457.8431373
893,New Hampshire,2011,8.6,15-19,-3.231372549,-323.1372549
894,New Hampshire,2012,7.5,15-19,-2.609803922,-260.9803922
895,New Hampshire,2013,6.5,15-19,-2.496078431,-249.6078431
896,New Hampshire,2014,6.4,15-19,-1.656862745,-165.6862745
897,New Hampshire,2015,5.7,15-19,-1.562745098,-156.2745098
898,New Hampshire,2016,5.8,15-19,-0.992156863,-99.21568627
899,New Hampshire,2017,5.3,15-19,-1.331372549,-133.1372549
900,New Jersey,1988,57,15-19,20.966,2096.6
901,New Jersey,1989,54.35,15-19,19.9605,1996.05
902,New Jersey,1990,51.7,15-19,18.955,1895.5
903,New Jersey,1991,49.05,15-19,17.9495,1794.95
904,New Jersey,1992,46.4,15-19,16.944,1694.4
905,New Jersey,1993,47.2,15-19,19.142,1914.2
906,New Jersey,1994,48,15-19,21.34,2134
907,New Jersey,1995,48.8,15-19,23.538,2353.8
908,New Jersey,1996,49.6,15-19,25.736,2573.6
909,New Jersey,1997,49.2,15-19,26.3105,2631.05
910,New Jersey,1998,48.8,15-19,26.885,2688.5
911,New Jersey,1999,48.4,15-19,27.4595,2745.95
912,New Jersey,2000,48,15-19,27.39411765,2739.411765
913,New Jersey,2001,46.02,15-19,26.25647059,2625.647059
914,New Jersey,2002,44.04,15-19,25.11882353,2511.882353
915,New Jersey,2003,42.06,15-19,23.98117647,2398.117647
916,New Jersey,2004,40.08,15-19,22.84352941,2284.352941
917,New Jersey,2005,38.1,15-19,21.70588235,2170.588235
918,New Jersey,2006,35.4,15-19,19.20588235,1920.588235
919,New Jersey,2007,28.7,15-19,12.71960784,1271.960784
920,New Jersey,2008,30.3,15-19,14.56666667,1456.666667
921,New Jersey,2009,25,15-19,10.7254902,1072.54902
922,New Jersey,2010,24.6,15-19,11.52156863,1152.156863
923,New Jersey,2011,22.3,15-19,10.46862745,1046.862745
924,New Jersey,2012,16.4,15-19,6.290196078,629.0196078
925,New Jersey,2013,16.5,15-19,7.503921569,750.3921569
926,New Jersey,2014,14.6,15-19,6.543137255,654.3137255
927,New Jersey,2015,16.1,15-19,8.837254902,883.7254902
928,New Jersey,2016,16.3,15-19,9.507843137,950.7843137
929,New Jersey,2017,14.9,15-19,8.268627451,826.8627451
930,New Mexico,1988,34.3,15-19,-1.734,-173.4
931,New Mexico,1989,33.125,15-19,-1.2645,-126.45
932,New Mexico,1990,31.95,15-19,-0.795,-79.5
933,New Mexico,1991,30.775,15-19,-0.3255,-32.55
934,New Mexico,1992,29.6,15-19,0.144,14.4
935,New Mexico,1993,27.7,15-19,-0.358,-35.8
936,New Mexico,1994,25.8,15-19,-0.86,-86
937,New Mexico,1995,23.9,15-19,-1.362,-136.2
938,New Mexico,1996,22,15-19,-1.864,-186.4
939,New Mexico,1997,21.975,15-19,-0.9145,-91.45
940,New Mexico,1998,21.95,15-19,0.035,3.5
941,New Mexico,1999,21.925,15-19,0.9845,98.45
942,New Mexico,2000,21.9,15-19,1.294117647,129.4117647
943,New Mexico,2001,21.04,15-19,1.276470588,127.6470588
944,New Mexico,2002,20.18,15-19,1.258823529,125.8823529
945,New Mexico,2003,19.32,15-19,1.241176471,124.1176471
946,New Mexico,2004,18.46,15-19,1.223529412,122.3529412
947,New Mexico,2005,17.6,15-19,1.205882353,120.5882353
948,New Mexico,2006,18.8,15-19,2.605882353,260.5882353
949,New Mexico,2007,19.4,15-19,3.419607843,341.9607843
950,New Mexico,2008,17.4,15-19,1.666666667,166.6666667
951,New Mexico,2009,16.2,15-19,1.925490196,192.5490196
952,New Mexico,2010,15,15-19,1.921568627,192.1568627
953,New Mexico,2011,12.4,15-19,0.568627451,56.8627451
954,New Mexico,2012,11.1,15-19,0.990196078,99.01960784
955,New Mexico,2013,9,15-19,0.003921569,0.392156863
956,New Mexico,2014,8.3,15-19,0.243137255,24.31372549
957,New Mexico,2015,8.3,15-19,1.037254902,103.7254902
958,New Mexico,2016,8.3,15-19,1.507843137,150.7843137
959,New Mexico,2017,7.2,15-19,0.568627451,56.8627451
960,New York,1988,59.3,15-19,23.266,2326.6
961,New York,1989,59.125,15-19,24.7355,2473.55
962,New York,1990,58.95,15-19,26.205,2620.5
963,New York,1991,58.775,15-19,27.6745,2767.45
964,New York,1992,58.6,15-19,29.144,2914.4
965,New York,1993,56.525,15-19,28.467,2846.7
966,New York,1994,54.45,15-19,27.79,2779
967,New York,1995,52.375,15-19,27.113,2711.3
968,New York,1996,50.3,15-19,26.436,2643.6
969,New York,1997,49.225,15-19,26.3355,2633.55
970,New York,1998,48.15,15-19,26.235,2623.5
971,New York,1999,47.075,15-19,26.1345,2613.45
972,New York,2000,46,15-19,25.39411765,2539.411765
973,New York,2001,44.9,15-19,25.13647059,2513.647059
974,New York,2002,43.8,15-19,24.87882353,2487.882353
975,New York,2003,42.7,15-19,24.62117647,2462.117647
976,New York,2004,41.6,15-19,24.36352941,2436.352941
977,New York,2005,40.5,15-19,24.10588235,2410.588235
978,New York,2006,39.2,15-19,23.00588235,2300.588235
979,New York,2007,37.6,15-19,21.61960784,2161.960784
980,New York,2008,37.4,15-19,21.66666667,2166.666667
981,New York,2009,35.5,15-19,21.2254902,2122.54902
982,New York,2010,32.7,15-19,19.62156863,1962.156863
983,New York,2011,30.2,15-19,18.36862745,1836.862745
984,New York,2012,26.1,15-19,15.99019608,1599.019608
985,New York,2013,22.2,15-19,13.20392157,1320.392157
986,New York,2014,20.6,15-19,12.54313725,1254.313725
987,New York,2015,18.7,15-19,11.4372549,1143.72549
988,New York,2016,17.2,15-19,10.40784314,1040.784314
989,New York,2017,16.2,15-19,9.568627451,956.8627451
990,North Carolina,1988,43.6,15-19,7.566,756.6
991,North Carolina,1989,41.125,15-19,6.7355,673.55
992,North Carolina,1990,38.65,15-19,5.905,590.5
993,North Carolina,1991,36.175,15-19,5.0745,507.45
994,North Carolina,1992,33.7,15-19,4.244,424.4
995,North Carolina,1993,31.6,15-19,3.542,354.2
996,North Carolina,1994,29.5,15-19,2.84,284
997,North Carolina,1995,27.4,15-19,2.138,213.8
998,North Carolina,1996,25.3,15-19,1.436,143.6
999,North Carolina,1997,24.525,15-19,1.6355,163.55
1000,North Carolina,1998,23.75,15-19,1.835,183.5
1001,North Carolina,1999,22.975,15-19,2.0345,203.45
1002,North Carolina,2000,22.2,15-19,1.594117647,159.4117647
1003,North Carolina,2001,20.86,15-19,1.096470588,109.6470588
1004,North Carolina,2002,19.52,15-19,0.598823529,59.88235294
1005,North Carolina,2003,18.18,15-19,0.101176471,10.11764706
1006,North Carolina,2004,16.84,15-19,-0.396470588,-39.64705882
1007,North Carolina,2005,15.5,15-19,-0.894117647,-89.41176471
1008,North Carolina,2006,15.3,15-19,-0.894117647,-89.41176471
1009,North Carolina,2007,15.4,15-19,-0.580392157,-58.03921569
1010,North Carolina,2008,14.3,15-19,-1.433333333,-143.3333333
1011,North Carolina,2009,13.8,15-19,-0.474509804,-47.45098039
1012,North Carolina,2010,12.2,15-19,-0.878431373,-87.84313725
1013,North Carolina,2011,10.1,15-19,-1.731372549,-173.1372549
1014,North Carolina,2012,9.7,15-19,-0.409803922,-40.98039216
1015,North Carolina,2013,9.3,15-19,0.303921569,30.39215686
1016,North Carolina,2014,8.1,15-19,0.043137255,4.31372549
1017,North Carolina,2015,7.3,15-19,0.037254902,3.725490196
1018,North Carolina,2016,6.2,15-19,-0.592156863,-59.21568627
1019,North Carolina,2017,6.7,15-19,0.068627451,6.862745098
1020,North Dakota,1988,18.8,15-19,-17.234,-1723.4
1021,North Dakota,1989,17.425,15-19,-16.9645,-1696.45
1022,North Dakota,1990,16.05,15-19,-16.695,-1669.5
1023,North Dakota,1991,14.675,15-19,-16.4255,-1642.55
1024,North Dakota,1992,13.3,15-19,-16.156,-1615.6
1025,North Dakota,1993,12.65,15-19,-15.408,-1540.8
1026,North Dakota,1994,12,15-19,-14.66,-1466
1027,North Dakota,1995,11.35,15-19,-13.912,-1391.2
1028,North Dakota,1996,10.7,15-19,-13.164,-1316.4
1029,North Dakota,1997,10,15-19,-12.8895,-1288.95
1030,North Dakota,1998,9.3,15-19,-12.615,-1261.5
1031,North Dakota,1999,8.6,15-19,-12.3405,-1234.05
1032,North Dakota,2000,7.9,15-19,-12.70588235,-1270.588235
1033,North Dakota,2001,7.82,15-19,-11.94352941,-1194.352941
1034,North Dakota,2002,7.74,15-19,-11.18117647,-1118.117647
1035,North Dakota,2003,7.66,15-19,-10.41882353,-1041.882353
1036,North Dakota,2004,7.58,15-19,-9.656470588,-965.6470588
1037,North Dakota,2005,7.5,15-19,-8.894117647,-889.4117647
1038,North Dakota,2006,6.4,15-19,-9.794117647,-979.4117647
1039,North Dakota,2007,6.7,15-19,-9.280392157,-928.0392157
1040,North Dakota,2008,7.7,15-19,-8.033333333,-803.3333333
1041,North Dakota,2009,7.1,15-19,-7.174509804,-717.4509804
1042,North Dakota,2010,6.6,15-19,-6.478431373,-647.8431373
1043,North Dakota,2011,5.7,15-19,-6.131372549,-613.1372549
1044,North Dakota,2012,5.4,15-19,-4.709803922,-470.9803922
1045,North Dakota,2013,4.4,15-19,-4.596078431,-459.6078431
1046,North Dakota,2014,4.4,15-19,-3.656862745,-365.6862745
1047,North Dakota,2015,3.9,15-19,-3.362745098,-336.2745098
1048,North Dakota,2016,4,15-19,-2.792156863,-279.2156863
1049,North Dakota,2017,4.3,15-19,-2.331372549,-233.1372549
1050,Ohio,1988,30.3,15-19,-5.734,-573.4
1051,Ohio,1989,28.075,15-19,-6.3145,-631.45
1052,Ohio,1990,25.85,15-19,-6.895,-689.5
1053,Ohio,1991,23.625,15-19,-7.4755,-747.55
1054,Ohio,1992,21.4,15-19,-8.056,-805.6
1055,Ohio,1993,20.675,15-19,-7.383,-738.3
1056,Ohio,1994,19.95,15-19,-6.71,-671
1057,Ohio,1995,19.225,15-19,-6.037,-603.7
1058,Ohio,1996,18.5,15-19,-5.364,-536.4
1059,Ohio,1997,18.15,15-19,-4.7395,-473.95
1060,Ohio,1998,17.8,15-19,-4.115,-411.5
1061,Ohio,1999,17.45,15-19,-3.4905,-349.05
1062,Ohio,2000,17.1,15-19,-3.505882353,-350.5882353
1063,Ohio,2001,16.5,15-19,-3.263529412,-326.3529412
1064,Ohio,2002,15.9,15-19,-3.021176471,-302.1176471
1065,Ohio,2003,15.3,15-19,-2.778823529,-277.8823529
1066,Ohio,2004,14.7,15-19,-2.536470588,-253.6470588
1067,Ohio,2005,14.1,15-19,-2.294117647,-229.4117647
1068,Ohio,2006,13.8,15-19,-2.394117647,-239.4117647
1069,Ohio,2007,14,15-19,-1.980392157,-198.0392157
1070,Ohio,2008,13.8,15-19,-1.933333333,-193.3333333
1071,Ohio,2009,12.6,15-19,-1.674509804,-167.4509804
1072,Ohio,2010,11.7,15-19,-1.378431373,-137.8431373
1073,Ohio,2011,10.1,15-19,-1.731372549,-173.1372549
1074,Ohio,2012,9,15-19,-1.109803922,-110.9803922
1075,Ohio,2013,7.8,15-19,-1.196078431,-119.6078431
1076,Ohio,2014,6.6,15-19,-1.456862745,-145.6862745
1077,Ohio,2015,5.9,15-19,-1.362745098,-136.2745098
1078,Ohio,2016,5.3,15-19,-1.492156863,-149.2156863
1079,Ohio,2017,5.3,15-19,-1.331372549,-133.1372549
1080,Oklahoma,1988,27.3,15-19,-8.734,-873.4
1081,Oklahoma,1989,24.175,15-19,-10.2145,-1021.45
1082,Oklahoma,1990,21.05,15-19,-11.695,-1169.5
1083,Oklahoma,1991,17.925,15-19,-13.1755,-1317.55
1084,Oklahoma,1992,14.8,15-19,-14.656,-1465.6
1085,Oklahoma,1993,14.35,15-19,-13.708,-1370.8
1086,Oklahoma,1994,13.9,15-19,-12.76,-1276
1087,Oklahoma,1995,13.45,15-19,-11.812,-1181.2
1088,Oklahoma,1996,13,15-19,-10.864,-1086.4
1089,Oklahoma,1997,12.85,15-19,-10.0395,-1003.95
1090,Oklahoma,1998,12.7,15-19,-9.215,-921.5
1091,Oklahoma,1999,12.55,15-19,-8.3905,-839.05
1092,Oklahoma,2000,12.4,15-19,-8.205882353,-820.5882353
1093,Oklahoma,2001,11.86,15-19,-7.903529412,-790.3529412
1094,Oklahoma,2002,11.32,15-19,-7.601176471,-760.1176471
1095,Oklahoma,2003,10.78,15-19,-7.298823529,-729.8823529
1096,Oklahoma,2004,10.24,15-19,-6.996470588,-699.6470588
1097,Oklahoma,2005,9.7,15-19,-6.694117647,-669.4117647
1098,Oklahoma,2006,9.2,15-19,-6.994117647,-699.4117647
1099,Oklahoma,2007,9.5,15-19,-6.480392157,-648.0392157
1100,Oklahoma,2008,9.3,15-19,-6.433333333,-643.3333333
1101,Oklahoma,2009,9.1,15-19,-5.174509804,-517.4509804
1102,Oklahoma,2010,7.7,15-19,-5.378431373,-537.8431373
1103,Oklahoma,2011,6.6,15-19,-5.231372549,-523.1372549
1104,Oklahoma,2012,6.7,15-19,-3.409803922,-340.9803922
1105,Oklahoma,2013,5.7,15-19,-3.296078431,-329.6078431
1106,Oklahoma,2014,5.4,15-19,-2.656862745,-265.6862745
1107,Oklahoma,2015,4.2,15-19,-3.062745098,-306.2745098
1108,Oklahoma,2016,3.4,15-19,-3.392156863,-339.2156863
1109,Oklahoma,2017,3.8,15-19,-2.831372549,-283.1372549
1110,Oregon,1988,42.5,15-19,6.466,646.6
1111,Oregon,1989,39.85,15-19,5.4605,546.05
1112,Oregon,1990,37.2,15-19,4.455,445.5
1113,Oregon,1991,34.55,15-19,3.4495,344.95
1114,Oregon,1992,31.9,15-19,2.444,244.4
1115,Oregon,1993,30.525,15-19,2.467,246.7
1116,Oregon,1994,29.15,15-19,2.49,249
1117,Oregon,1995,27.775,15-19,2.513,251.3
1118,Oregon,1996,26.4,15-19,2.536,253.6
1119,Oregon,1997,26,15-19,3.1105,311.05
1120,Oregon,1998,25.6,15-19,3.685,368.5
1121,Oregon,1999,25.2,15-19,4.2595,425.95
1122,Oregon,2000,24.8,15-19,4.194117647,419.4117647
1123,Oregon,2001,23.02,15-19,3.256470588,325.6470588
1124,Oregon,2002,21.24,15-19,2.318823529,231.8823529
1125,Oregon,2003,19.46,15-19,1.381176471,138.1176471
1126,Oregon,2004,17.68,15-19,0.443529412,44.35294118
1127,Oregon,2005,15.9,15-19,-0.494117647,-49.41176471
1128,Oregon,2006,16.7,15-19,0.505882353,50.58823529
1129,Oregon,2007,16.8,15-19,0.819607843,81.96078431
1130,Oregon,2008,16.1,15-19,0.366666667,36.66666667
1131,Oregon,2009,14.2,15-19,-0.074509804,-7.450980392
1132,Oregon,2010,12,15-19,-1.078431373,-107.8431373
1133,Oregon,2011,11.3,15-19,-0.531372549,-53.1372549
1134,Oregon,2012,9.7,15-19,-0.409803922,-40.98039216
1135,Oregon,2013,8.6,15-19,-0.396078431,-39.60784314
1136,Oregon,2014,8,15-19,-0.056862745,-5.68627451
1137,Oregon,2015,7.9,15-19,0.637254902,63.7254902
1138,Oregon,2016,7.4,15-19,0.607843137,60.78431373
1139,Oregon,2017,7.2,15-19,0.568627451,56.8627451
1140,Pennsylvania,1988,33,15-19,-3.034,-303.4
1141,Pennsylvania,1989,31.525,15-19,-2.8645,-286.45
1142,Pennsylvania,1990,30.05,15-19,-2.695,-269.5
1143,Pennsylvania,1991,28.575,15-19,-2.5255,-252.55
1144,Pennsylvania,1992,27.1,15-19,-2.356,-235.6
1145,Pennsylvania,1993,25.25,15-19,-2.808,-280.8
1146,Pennsylvania,1994,23.4,15-19,-3.26,-326
1147,Pennsylvania,1995,21.55,15-19,-3.712,-371.2
1148,Pennsylvania,1996,19.7,15-19,-4.164,-416.4
1149,Pennsylvania,1997,19.1,15-19,-3.7895,-378.95
1150,Pennsylvania,1998,18.5,15-19,-3.415,-341.5
1151,Pennsylvania,1999,17.9,15-19,-3.0405,-304.05
1152,Pennsylvania,2000,17.3,15-19,-3.305882353,-330.5882353
1153,Pennsylvania,2001,16.68,15-19,-3.083529412,-308.3529412
1154,Pennsylvania,2002,16.06,15-19,-2.861176471,-286.1176471
1155,Pennsylvania,2003,15.44,15-19,-2.638823529,-263.8823529
1156,Pennsylvania,2004,14.82,15-19,-2.416470588,-241.6470588
1157,Pennsylvania,2005,14.2,15-19,-2.194117647,-219.4117647
1158,Pennsylvania,2006,15,15-19,-1.194117647,-119.4117647
1159,Pennsylvania,2007,16.3,15-19,0.319607843,31.96078431
1160,Pennsylvania,2008,17.8,15-19,2.066666667,206.6666667
1161,Pennsylvania,2009,16.4,15-19,2.125490196,212.5490196
1162,Pennsylvania,2010,14.9,15-19,1.821568627,182.1568627
1163,Pennsylvania,2011,12.5,15-19,0.668627451,66.8627451
1164,Pennsylvania,2012,11,15-19,0.890196078,89.01960784
1165,Pennsylvania,2013,9.3,15-19,0.303921569,30.39215686
1166,Pennsylvania,2014,8.7,15-19,0.643137255,64.31372549
1167,Pennsylvania,2015,8.1,15-19,0.837254902,83.7254902
1168,Pennsylvania,2016,7.6,15-19,0.807843137,80.78431373
1169,Pennsylvania,2017,7.2,15-19,0.568627451,56.8627451
1170,Rhode Island,1988,35.7,15-19,-0.334,-33.4
1171,Rhode Island,1989,35.4,15-19,1.0105,101.05
1172,Rhode Island,1990,35.1,15-19,2.355,235.5
1173,Rhode Island,1991,34.8,15-19,3.6995,369.95
1174,Rhode Island,1992,34.5,15-19,5.044,504.4
1175,Rhode Island,1993,33.525,15-19,5.467,546.7
1176,Rhode Island,1994,32.55,15-19,5.89,589
1177,Rhode Island,1995,31.575,15-19,6.313,631.3
1178,Rhode Island,1996,30.6,15-19,6.736,673.6
1179,Rhode Island,1997,28.65,15-19,5.7605,576.05
1180,Rhode Island,1998,26.7,15-19,4.785,478.5
1181,Rhode Island,1999,24.75,15-19,3.8095,380.95
1182,Rhode Island,2000,22.8,15-19,2.194117647,219.4117647
1183,Rhode Island,2001,22.26,15-19,2.496470588,249.6470588
1184,Rhode Island,2002,21.72,15-19,2.798823529,279.8823529
1185,Rhode Island,2003,21.18,15-19,3.101176471,310.1176471
1186,Rhode Island,2004,20.64,15-19,3.403529412,340.3529412
1187,Rhode Island,2005,20.1,15-19,3.705882353,370.5882353
1188,Rhode Island,2006,19.7,15-19,3.505882353,350.5882353
1189,Rhode Island,2007,18.6,15-19,2.619607843,261.9607843
1190,Rhode Island,2008,18.5,15-19,2.766666667,276.6666667
1191,Rhode Island,2009,16.4,15-19,2.125490196,212.5490196
1192,Rhode Island,2010,15.8,15-19,2.721568627,272.1568627
1193,Rhode Island,2011,14.4,15-19,2.568627451,256.8627451
1194,Rhode Island,2012,11.3,15-19,1.190196078,119.0196078
1195,Rhode Island,2013,9.7,15-19,0.703921569,70.39215686
1196,Rhode Island,2014,7.3,15-19,-0.756862745,-75.68627451
1197,Rhode Island,2015,8.1,15-19,0.837254902,83.7254902
1198,Rhode Island,2016,8.4,15-19,1.607843137,160.7843137
1199,Rhode Island,2017,7.7,15-19,1.068627451,106.8627451
1200,South Carolina,1988,32.6,15-19,-3.434,-343.4
1201,South Carolina,1989,30.2,15-19,-4.1895,-418.95
1202,South Carolina,1990,27.8,15-19,-4.945,-494.5
1203,South Carolina,1991,25.4,15-19,-5.7005,-570.05
1204,South Carolina,1992,23,15-19,-6.456,-645.6
1205,South Carolina,1993,21.925,15-19,-6.133,-613.3
1206,South Carolina,1994,20.85,15-19,-5.81,-581
1207,South Carolina,1995,19.775,15-19,-5.487,-548.7
1208,South Carolina,1996,18.7,15-19,-5.164,-516.4
1209,South Carolina,1997,18.275,15-19,-4.6145,-461.45
1210,South Carolina,1998,17.85,15-19,-4.065,-406.5
1211,South Carolina,1999,17.425,15-19,-3.5155,-351.55
1212,South Carolina,2000,17,15-19,-3.605882353,-360.5882353
1213,South Carolina,2001,16.74,15-19,-3.023529412,-302.3529412
1214,South Carolina,2002,16.48,15-19,-2.441176471,-244.1176471
1215,South Carolina,2003,16.22,15-19,-1.858823529,-185.8823529
1216,South Carolina,2004,15.96,15-19,-1.276470588,-127.6470588
1217,South Carolina,2005,15.7,15-19,-0.694117647,-69.41176471
1218,South Carolina,2006,15.5,15-19,-0.694117647,-69.41176471
1219,South Carolina,2007,15.4,15-19,-0.580392157,-58.03921569
1220,South Carolina,2008,13.9,15-19,-1.833333333,-183.3333333
1221,South Carolina,2009,14,15-19,-0.274509804,-27.45098039
1222,South Carolina,2010,13.2,15-19,0.121568627,12.15686275
1223,South Carolina,2011,10.8,15-19,-1.031372549,-103.1372549
1224,South Carolina,2012,9.9,15-19,-0.209803922,-20.98039216
1225,South Carolina,2013,9.1,15-19,0.103921569,10.39215686
1226,South Carolina,2014,8.1,15-19,0.043137255,4.31372549
1227,South Carolina,2015,7.4,15-19,0.137254902,13.7254902
1228,South Carolina,2016,6.7,15-19,-0.092156863,-9.215686275
1229,South Carolina,2017,6.9,15-19,0.268627451,26.8627451
1230,South Dakota,1988,15.1,15-19,-20.934,-2093.4
1231,South Dakota,1989,14.925,15-19,-19.4645,-1946.45
1232,South Dakota,1990,14.75,15-19,-17.995,-1799.5
1233,South Dakota,1991,14.575,15-19,-16.5255,-1652.55
1234,South Dakota,1992,14.4,15-19,-15.056,-1505.6
1235,South Dakota,1993,13.65,15-19,-14.408,-1440.8
1236,South Dakota,1994,12.9,15-19,-13.76,-1376
1237,South Dakota,1995,12.15,15-19,-13.112,-1311.2
1238,South Dakota,1996,11.4,15-19,-12.464,-1246.4
1239,South Dakota,1997,10.325,15-19,-12.5645,-1256.45
1240,South Dakota,1998,9.25,15-19,-12.665,-1266.5
1241,South Dakota,1999,8.175,15-19,-12.7655,-1276.55
1242,South Dakota,2000,7.1,15-19,-13.50588235,-1350.588235
1243,South Dakota,2001,6.8,15-19,-12.96352941,-1296.352941
1244,South Dakota,2002,6.5,15-19,-12.42117647,-1242.117647
1245,South Dakota,2003,6.2,15-19,-11.87882353,-1187.882353
1246,South Dakota,2004,5.9,15-19,-11.33647059,-1133.647059
1247,South Dakota,2005,5.6,15-19,-10.79411765,-1079.411765
1248,South Dakota,2006,5.4,15-19,-10.79411765,-1079.411765
1249,South Dakota,2007,6.3,15-19,-9.680392157,-968.0392157
1250,South Dakota,2008,5.5,15-19,-10.23333333,-1023.333333
1251,South Dakota,2009,5.5,15-19,-8.774509804,-877.4509804
1252,South Dakota,2010,4.3,15-19,-8.778431373,-877.8431373
1253,South Dakota,2011,4.8,15-19,-7.031372549,-703.1372549
1254,South Dakota,2012,3.8,15-19,-6.309803922,-630.9803922
1255,South Dakota,2013,3.3,15-19,-5.696078431,-569.6078431
1256,South Dakota,2014,3.3,15-19,-4.756862745,-475.6862745
1257,South Dakota,2015,2.6,15-19,-4.662745098,-466.2745098
1258,South Dakota,2016,2.6,15-19,-4.192156863,-419.2156863
1259,South Dakota,2017,3.3,15-19,-3.331372549,-333.1372549
1260,Tennessee,1988,30.1,15-19,-5.934,-593.4
1261,Tennessee,1989,28.55,15-19,-5.8395,-583.95
1262,Tennessee,1990,27,15-19,-5.745,-574.5
1263,Tennessee,1991,25.45,15-19,-5.6505,-565.05
1264,Tennessee,1992,23.9,15-19,-5.556,-555.6
1265,Tennessee,1993,22.275,15-19,-5.783,-578.3
1266,Tennessee,1994,20.65,15-19,-6.01,-601
1267,Tennessee,1995,19.025,15-19,-6.237,-623.7
1268,Tennessee,1996,17.4,15-19,-6.464,-646.4
1269,Tennessee,1997,16.975,15-19,-5.9145,-591.45
1270,Tennessee,1998,16.55,15-19,-5.365,-536.5
1271,Tennessee,1999,16.125,15-19,-4.8155,-481.55
1272,Tennessee,2000,15.7,15-19,-4.905882353,-490.5882353
1273,Tennessee,2001,14.94,15-19,-4.823529412,-482.3529412
1274,Tennessee,2002,14.18,15-19,-4.741176471,-474.1176471
1275,Tennessee,2003,13.42,15-19,-4.658823529,-465.8823529
1276,Tennessee,2004,12.66,15-19,-4.576470588,-457.6470588
1277,Tennessee,2005,11.9,15-19,-4.494117647,-449.4117647
1278,Tennessee,2006,13.2,15-19,-2.994117647,-299.4117647
1279,Tennessee,2007,11.6,15-19,-4.380392157,-438.0392157
1280,Tennessee,2008,11.9,15-19,-3.833333333,-383.3333333
1281,Tennessee,2009,10.8,15-19,-3.474509804,-347.4509804
1282,Tennessee,2010,9.4,15-19,-3.678431373,-367.8431373
1283,Tennessee,2011,8.4,15-19,-3.431372549,-343.1372549
1284,Tennessee,2012,7.7,15-19,-2.409803922,-240.9803922
1285,Tennessee,2013,6.8,15-19,-2.196078431,-219.6078431
1286,Tennessee,2014,6.2,15-19,-1.856862745,-185.6862745
1287,Tennessee,2015,5.5,15-19,-1.762745098,-176.2745098
1288,Tennessee,2016,5,15-19,-1.792156863,-179.2156863
1289,Tennessee,2017,4.4,15-19,-2.231372549,-223.1372549
1290,Texas,1988,30.4,15-19,-5.634,-563.4
1291,Texas,1989,29.175,15-19,-5.2145,-521.45
1292,Texas,1990,27.95,15-19,-4.795,-479.5
1293,Texas,1991,26.725,15-19,-4.3755,-437.55
1294,Texas,1992,25.5,15-19,-3.956,-395.6
1295,Texas,1993,24.725,15-19,-3.333,-333.3
1296,Texas,1994,23.95,15-19,-2.71,-271
1297,Texas,1995,23.175,15-19,-2.087,-208.7
1298,Texas,1996,22.4,15-19,-1.464,-146.4
1299,Texas,1997,21.075,15-19,-1.8145,-181.45
1300,Texas,1998,19.75,15-19,-2.165,-216.5
1301,Texas,1999,18.425,15-19,-2.5155,-251.55
1302,Texas,2000,17.1,15-19,-3.505882353,-350.5882353
1303,Texas,2001,16.26,15-19,-3.503529412,-350.3529412
1304,Texas,2002,15.42,15-19,-3.501176471,-350.1176471
1305,Texas,2003,14.58,15-19,-3.498823529,-349.8823529
1306,Texas,2004,13.74,15-19,-3.496470588,-349.6470588
1307,Texas,2005,12.9,15-19,-3.494117647,-349.4117647
1308,Texas,2006,15.2,15-19,-0.994117647,-99.41176471
1309,Texas,2007,14.6,15-19,-1.380392157,-138.0392157
1310,Texas,2008,14.5,15-19,-1.233333333,-123.3333333
1311,Texas,2009,13.6,15-19,-0.674509804,-67.45098039
1312,Texas,2010,12,15-19,-1.078431373,-107.8431373
1313,Texas,2011,10.5,15-19,-1.331372549,-133.1372549
1314,Texas,2012,9.1,15-19,-1.009803922,-100.9803922
1315,Texas,2013,8,15-19,-0.996078431,-99.60784314
1316,Texas,2014,6,15-19,-2.056862745,-205.6862745
1317,Texas,2015,5.5,15-19,-1.762745098,-176.2745098
1318,Texas,2016,5.2,15-19,-1.592156863,-159.2156863
1319,Texas,2017,5.2,15-19,-1.431372549,-143.1372549
1320,Utah,1988,15.5,15-19,-20.534,-2053.4
1321,Utah,1989,13.85,15-19,-20.5395,-2053.95
1322,Utah,1990,12.2,15-19,-20.545,-2054.5
1323,Utah,1991,10.55,15-19,-20.5505,-2055.05
1324,Utah,1992,8.9,15-19,-20.556,-2055.6
1325,Utah,1993,8.5,15-19,-19.558,-1955.8
1326,Utah,1994,8.1,15-19,-18.56,-1856
1327,Utah,1995,7.7,15-19,-17.562,-1756.2
1328,Utah,1996,7.3,15-19,-16.564,-1656.4
1329,Utah,1997,6.925,15-19,-15.9645,-1596.45
1330,Utah,1998,6.55,15-19,-15.365,-1536.5
1331,Utah,1999,6.175,15-19,-14.7655,-1476.55
1332,Utah,2000,5.8,15-19,-14.80588235,-1480.588235
1333,Utah,2001,5.76,15-19,-14.00352941,-1400.352941
1334,Utah,2002,5.72,15-19,-13.20117647,-1320.117647
1335,Utah,2003,5.68,15-19,-12.39882353,-1239.882353
1336,Utah,2004,5.64,15-19,-11.59647059,-1159.647059
1337,Utah,2005,5.6,15-19,-10.79411765,-1079.411765
1338,Utah,2006,6,15-19,-10.19411765,-1019.411765
1339,Utah,2007,6.2,15-19,-9.780392157,-978.0392157
1340,Utah,2008,5.8,15-19,-9.933333333,-993.3333333
1341,Utah,2009,4.9,15-19,-9.374509804,-937.4509804
1342,Utah,2010,4.1,15-19,-8.978431373,-897.8431373
1343,Utah,2011,4.1,15-19,-7.731372549,-773.1372549
1344,Utah,2012,3.7,15-19,-6.409803922,-640.9803922
1345,Utah,2013,3.5,15-19,-5.496078431,-549.6078431
1346,Utah,2014,3.2,15-19,-4.856862745,-485.6862745
1347,Utah,2015,3.1,15-19,-4.162745098,-416.2745098
1348,Utah,2016,2.8,15-19,-3.992156863,-399.2156863
1349,Utah,2017,3.1,15-19,-3.531372549,-353.1372549
1350,Vermont,1988,36.8,15-19,0.766,76.6
1351,Vermont,1989,34.025,15-19,-0.3645,-36.45
1352,Vermont,1990,31.25,15-19,-1.495,-149.5
1353,Vermont,1991,28.475,15-19,-2.6255,-262.55
1354,Vermont,1992,25.7,15-19,-3.756,-375.6
1355,Vermont,1993,25.075,15-19,-2.983,-298.3
1356,Vermont,1994,24.45,15-19,-2.21,-221
1357,Vermont,1995,23.825,15-19,-1.437,-143.7
1358,Vermont,1996,23.2,15-19,-0.664,-66.4
1359,Vermont,1997,20.925,15-19,-1.9645,-196.45
1360,Vermont,1998,18.65,15-19,-3.265,-326.5
1361,Vermont,1999,16.375,15-19,-4.5655,-456.55
1362,Vermont,2000,14.1,15-19,-6.505882353,-650.5882353
1363,Vermont,2001,14.36,15-19,-5.403529412,-540.3529412
1364,Vermont,2002,14.62,15-19,-4.301176471,-430.1176471
1365,Vermont,2003,14.88,15-19,-3.198823529,-319.8823529
1366,Vermont,2004,15.14,15-19,-2.096470588,-209.6470588
1367,Vermont,2005,15.4,15-19,-0.994117647,-99.41176471
1368,Vermont,2006,13.7,15-19,-2.494117647,-249.4117647
1369,Vermont,2007,12.8,15-19,-3.180392157,-318.0392157
1370,Vermont,2008,12.8,15-19,-2.933333333,-293.3333333
1371,Vermont,2009,10.4,15-19,-3.874509804,-387.4509804
1372,Vermont,2010,9.4,15-19,-3.678431373,-367.8431373
1373,Vermont,2011,10.5,15-19,-1.331372549,-133.1372549
1374,Vermont,2012,8.8,15-19,-1.309803922,-130.9803922
1375,Vermont,2013,9.5,15-19,0.503921569,50.39215686
1376,Vermont,2014,8,15-19,-0.056862745,-5.68627451
1377,Vermont,2015,6.3,15-19,-0.962745098,-96.2745098
1378,Vermont,2016,7.1,15-19,0.307843137,30.78431373
1379,Vermont,2017,5.1,15-19,-1.531372549,-153.1372549
1380,Virginia,1988,44.6,15-19,8.566,856.6
1381,Virginia,1989,42.2,15-19,7.8105,781.05
1382,Virginia,1990,39.8,15-19,7.055,705.5
1383,Virginia,1991,37.4,15-19,6.2995,629.95
1384,Virginia,1992,35,15-19,5.544,554.4
1385,Virginia,1993,33.65,15-19,5.592,559.2
1386,Virginia,1994,32.3,15-19,5.64,564
1387,Virginia,1995,30.95,15-19,5.688,568.8
1388,Virginia,1996,29.6,15-19,5.736,573.6
1389,Virginia,1997,27.375,15-19,4.4855,448.55
1390,Virginia,1998,25.15,15-19,3.235,323.5
1391,Virginia,1999,22.925,15-19,1.9845,198.45
1392,Virginia,2000,20.7,15-19,0.094117647,9.411764706
1393,Virginia,2001,20.08,15-19,0.316470588,31.64705882
1394,Virginia,2002,19.46,15-19,0.538823529,53.88235294
1395,Virginia,2003,18.84,15-19,0.761176471,76.11764706
1396,Virginia,2004,18.22,15-19,0.983529412,98.35294118
1397,Virginia,2005,17.6,15-19,1.205882353,120.5882353
1398,Virginia,2006,16.9,15-19,0.705882353,70.58823529
1399,Virginia,2007,16.9,15-19,0.919607843,91.96078431
1400,Virginia,2008,15.4,15-19,-0.333333333,-33.33333333
1401,Virginia,2009,14.8,15-19,0.525490196,52.54901961
1402,Virginia,2010,13.9,15-19,0.821568627,82.15686275
1403,Virginia,2011,12.4,15-19,0.568627451,56.8627451
1404,Virginia,2012,11.2,15-19,1.090196078,109.0196078
1405,Virginia,2013,10.6,15-19,1.603921569,160.3921569
1406,Virginia,2014,7.6,15-19,-0.456862745,-45.68627451
1407,Virginia,2015,7.4,15-19,0.137254902,13.7254902
1408,Virginia,2016,6.7,15-19,-0.092156863,-9.215686275
1409,Virginia,2017,5.9,15-19,-0.731372549,-73.1372549
1410,Washington,1988,45.7,15-19,9.666,966.6
1411,Washington,1989,44.75,15-19,10.3605,1036.05
1412,Washington,1990,43.8,15-19,11.055,1105.5
1413,Washington,1991,42.85,15-19,11.7495,1174.95
1414,Washington,1992,41.9,15-19,12.444,1244.4
1415,Washington,1993,38.65,15-19,10.592,1059.2
1416,Washington,1994,35.4,15-19,8.74,874
1417,Washington,1995,32.15,15-19,6.888,688.8
1418,Washington,1996,28.9,15-19,5.036,503.6
1419,Washington,1997,28.125,15-19,5.2355,523.55
1420,Washington,1998,27.35,15-19,5.435,543.5
1421,Washington,1999,26.575,15-19,5.6345,563.45
1422,Washington,2000,25.8,15-19,5.194117647,519.4117647
1423,Washington,2001,24.62,15-19,4.856470588,485.6470588
1424,Washington,2002,23.44,15-19,4.518823529,451.8823529
1425,Washington,2003,22.26,15-19,4.181176471,418.1176471
1426,Washington,2004,21.08,15-19,3.843529412,384.3529412
1427,Washington,2005,19.9,15-19,3.505882353,350.5882353
1428,Washington,2006,19.9,15-19,3.705882353,370.5882353
1429,Washington,2007,20.6,15-19,4.619607843,461.9607843
1430,Washington,2008,19.4,15-19,3.666666667,366.6666667
1431,Washington,2009,17.7,15-19,3.425490196,342.5490196
1432,Washington,2010,15.9,15-19,2.821568627,282.1568627
1433,Washington,2011,14.8,15-19,2.968627451,296.8627451
1434,Washington,2012,12.9,15-19,2.790196078,279.0196078
1435,Washington,2013,11.2,15-19,2.203921569,220.3921569
1436,Washington,2014,10,15-19,1.943137255,194.3137255
1437,Washington,2015,9.5,15-19,2.237254902,223.7254902
1438,Washington,2016,8.7,15-19,1.907843137,190.7843137
1439,Washington,2017,8.1,15-19,1.468627451,146.8627451
1440,West Virginia,1988,16.8,15-19,-19.234,-1923.4
1441,West Virginia,1989,16.65,15-19,-17.7395,-1773.95
1442,West Virginia,1990,16.5,15-19,-16.245,-1624.5
1443,West Virginia,1991,16.35,15-19,-14.7505,-1475.05
1444,West Virginia,1992,16.2,15-19,-13.256,-1325.6
1445,West Virginia,1993,15.275,15-19,-12.783,-1278.3
1446,West Virginia,1994,14.35,15-19,-12.31,-1231
1447,West Virginia,1995,13.425,15-19,-11.837,-1183.7
1448,West Virginia,1996,12.5,15-19,-11.364,-1136.4
1449,West Virginia,1997,11.775,15-19,-11.1145,-1111.45
1450,West Virginia,1998,11.05,15-19,-10.865,-1086.5
1451,West Virginia,1999,10.325,15-19,-10.6155,-1061.55
1452,West Virginia,2000,9.6,15-19,-11.00588235,-1100.588235
1453,West Virginia,2001,9.36,15-19,-10.40352941,-1040.352941
1454,West Virginia,2002,9.12,15-19,-9.801176471,-980.1176471
1455,West Virginia,2003,8.88,15-19,-9.198823529,-919.8823529
1456,West Virginia,2004,8.64,15-19,-8.596470588,-859.6470588
1457,West Virginia,2005,8.4,15-19,-7.994117647,-799.4117647
1458,West Virginia,2006,7.5,15-19,-8.694117647,-869.4117647
1459,West Virginia,2007,8.5,15-19,-7.480392157,-748.0392157
1460,West Virginia,2008,7.7,15-19,-8.033333333,-803.3333333
1461,West Virginia,2009,8.9,15-19,-5.374509804,-537.4509804
1462,West Virginia,2010,9.3,15-19,-3.778431373,-377.8431373
1463,West Virginia,2011,9.6,15-19,-2.231372549,-223.1372549
1464,West Virginia,2012,6.3,15-19,-3.809803922,-380.9803922
1465,West Virginia,2013,5.1,15-19,-3.896078431,-389.6078431
1466,West Virginia,2014,5.1,15-19,-2.956862745,-295.6862745
1467,West Virginia,2015,4.3,15-19,-2.962745098,-296.2745098
1468,West Virginia,2016,4.6,15-19,-2.192156863,-219.2156863
1469,West Virginia,2017,4.1,15-19,-2.531372549,-253.1372549
1470,Wisconsin,1988,28.3,15-19,-7.734,-773.4
1471,Wisconsin,1989,26.375,15-19,-8.0145,-801.45
1472,Wisconsin,1990,24.45,15-19,-8.295,-829.5
1473,Wisconsin,1991,22.525,15-19,-8.5755,-857.55
1474,Wisconsin,1992,20.6,15-19,-8.856,-885.6
1475,Wisconsin,1993,19.375,15-19,-8.683,-868.3
1476,Wisconsin,1994,18.15,15-19,-8.51,-851
1477,Wisconsin,1995,16.925,15-19,-8.337,-833.7
1478,Wisconsin,1996,15.7,15-19,-8.164,-816.4
1479,Wisconsin,1997,14.775,15-19,-8.1145,-811.45
1480,Wisconsin,1998,13.85,15-19,-8.065,-806.5
1481,Wisconsin,1999,12.925,15-19,-8.0155,-801.55
1482,Wisconsin,2000,12,15-19,-8.605882353,-860.5882353
1483,Wisconsin,2001,11.48,15-19,-8.283529412,-828.3529412
1484,Wisconsin,2002,10.96,15-19,-7.961176471,-796.1176471
1485,Wisconsin,2003,10.44,15-19,-7.638823529,-763.8823529
1486,Wisconsin,2004,9.92,15-19,-7.316470588,-731.6470588
1487,Wisconsin,2005,9.4,15-19,-6.994117647,-699.4117647
1488,Wisconsin,2006,8.9,15-19,-7.294117647,-729.4117647
1489,Wisconsin,2007,8.2,15-19,-7.780392157,-778.0392157
1490,Wisconsin,2008,8.1,15-19,-7.633333333,-763.3333333
1491,Wisconsin,2009,7.6,15-19,-6.674509804,-667.4509804
1492,Wisconsin,2010,6.9,15-19,-6.178431373,-617.8431373
1493,Wisconsin,2011,5.7,15-19,-6.131372549,-613.1372549
1494,Wisconsin,2012,5.1,15-19,-5.009803922,-500.9803922
1495,Wisconsin,2013,4.5,15-19,-4.496078431,-449.6078431
1496,Wisconsin,2014,4.5,15-19,-3.556862745,-355.6862745
1497,Wisconsin,2015,4.5,15-19,-2.762745098,-276.2745098
1498,Wisconsin,2016,4,15-19,-2.792156863,-279.2156863
1499,Wisconsin,2017,3.9,15-19,-2.731372549,-273.1372549
1500,Wyoming,1988,23.2,15-19,-12.834,-1283.4
1501,Wyoming,1989,22.25,15-19,-12.1395,-1213.95
1502,Wyoming,1990,21.3,15-19,-11.445,-1144.5
1503,Wyoming,1991,20.35,15-19,-10.7505,-1075.05
1504,Wyoming,1992,19.4,15-19,-10.056,-1005.6
1505,Wyoming,1993,18.925,15-19,-9.133,-913.3
1506,Wyoming,1994,18.45,15-19,-8.21,-821
1507,Wyoming,1995,17.975,15-19,-7.287,-728.7
1508,Wyoming,1996,17.5,15-19,-6.364,-636.4
1509,Wyoming,1997,19.6,15-19,-3.2895,-328.95
1510,Wyoming,1998,21.7,15-19,-0.215,-21.5
1511,Wyoming,1999,23.8,15-19,2.8595,285.95
1512,Wyoming,2000,25.9,15-19,5.294117647,529.4117647
1513,Wyoming,2001,23.06,15-19,3.296470588,329.6470588
1514,Wyoming,2002,20.22,15-19,1.298823529,129.8823529
1515,Wyoming,2003,17.38,15-19,-0.698823529,-69.88235294
1516,Wyoming,2004,14.54,15-19,-2.696470588,-269.6470588
1517,Wyoming,2005,11.7,15-19,-4.694117647,-469.4117647
1518,Wyoming,2006,11.3,15-19,-4.894117647,-489.4117647
1519,Wyoming,2007,11.3,15-19,-4.680392157,-468.0392157
1520,Wyoming,2008,9.9,15-19,-5.833333333,-583.3333333
1521,Wyoming,2009,8.9,15-19,-5.374509804,-537.4509804
1522,Wyoming,2010,8,15-19,-5.078431373,-507.8431373
1523,Wyoming,2011,8.9,15-19,-2.931372549,-293.1372549
1524,Wyoming,2012,7.1,15-19,-3.009803922,-300.9803922
1525,Wyoming,2013,5.5,15-19,-3.496078431,-349.6078431
1526,Wyoming,2014,5.6,15-19,-2.456862745,-245.6862745
1527,Wyoming,2015,5,15-19,-2.262745098,-226.2745098
1528,Wyoming,2016,4.5,15-19,-2.292156863,-229.2156863
1529,Wyoming,2017,4.6,15-19,-2.031372549,-203.1372549
