,STATE,YEAR,Birth Rate per 1000 People,AGE,Birth Rate per 1000 People (Adjusted),"Birth Rate per 100,000 People (Adjusted)"
0,Alabama,1988,63.3,15-19,11.86078431,1186.078431
1,Alabama,1989,65.475,15-19,12.54313725,1254.313725
2,Alabama,1990,67.65,15-19,13.2254902,1322.54902
3,Alabama,1991,69.825,15-19,13.90784314,1390.784314
4,Alabama,1992,72,15-19,14.59019608,1459.019608
5,Alabama,1993,70.775,15-19,15.01176471,1501.176471
6,Alabama,1994,69.55,15-19,15.43333333,1543.333333
7,Alabama,1995,68.325,15-19,15.85490196,1585.490196
8,Alabama,1996,67.1,15-19,16.27647059,1627.647059
9,Alabama,1997,65.475,15-19,15.91764706,1591.764706
10,Alabama,1998,63.85,15-19,15.55882353,1555.882353
11,Alabama,1999,62.225,15-19,15.2,1520
12,Alabama,2000,60.6,15-19,14.84117647,1484.117647
13,Alabama,2001,58.1,15-19,13.76784314,1376.784314
14,Alabama,2002,55.6,15-19,12.6945098,1269.45098
15,Alabama,2003,53.1,15-19,11.62117647,1162.117647
16,Alabama,2004,50.6,15-19,10.54784314,1054.784314
17,Alabama,2005,48.1,15-19,9.474509804,947.4509804
18,Alabama,2006,51.8,15-19,11.46666667,1146.666667
19,Alabama,2007,52.1,15-19,11.06666667,1106.666667
20,Alabama,2008,50.5,15-19,10.42745098,1042.745098
21,Alabama,2009,48.3,15-19,10.40392157,1040.392157
22,Alabama,2010,44,15-19,9.649019608,964.9019608
23,Alabama,2011,41,15-19,9.517647059,951.7647059
24,Alabama,2012,39.1,15-19,9.405882353,940.5882353
25,Alabama,2013,34.2,15-19,7.423529412,742.3529412
26,Alabama,2014,32,15-19,7.421568627,742.1568627
27,Alabama,2015,30.2,15-19,7.435294118,743.5294118
28,Alabama,2016,28.4,15-19,7.601960784,760.1960784
29,Alabama,2017,27.1,15-19,7.849019608,784.9019608
30,Alaska,1988,55.6,15-19,4.160784314,416.0784314
31,Alaska,1989,58,15-19,5.068137255,506.8137255
32,Alaska,1990,60.4,15-19,5.975490196,597.5490196
33,Alaska,1991,62.8,15-19,6.882843137,688.2843137
34,Alaska,1992,65.2,15-19,7.790196078,779.0196078
35,Alaska,1993,61.6,15-19,5.836764706,583.6764706
36,Alaska,1994,58,15-19,3.883333333,388.3333333
37,Alaska,1995,54.4,15-19,1.929901961,192.9901961
38,Alaska,1996,50.8,15-19,-0.023529412,-2.352941176
39,Alaska,1997,50.325,15-19,0.767647059,76.76470588
40,Alaska,1998,49.85,15-19,1.558823529,155.8823529
41,Alaska,1999,49.375,15-19,2.35,235
42,Alaska,2000,48.9,15-19,3.141176471,314.1176471
43,Alaska,2001,47.1,15-19,2.767843137,276.7843137
44,Alaska,2002,45.3,15-19,2.394509804,239.4509804
45,Alaska,2003,43.5,15-19,2.021176471,202.1176471
46,Alaska,2004,41.7,15-19,1.647843137,164.7843137
47,Alaska,2005,39.9,15-19,1.274509804,127.4509804
48,Alaska,2006,41.8,15-19,1.466666667,146.6666667
49,Alaska,2007,42.9,15-19,1.866666667,186.6666667
50,Alaska,2008,44.2,15-19,4.12745098,412.745098
51,Alaska,2009,43.2,15-19,5.303921569,530.3921569
52,Alaska,2010,38.5,15-19,4.149019608,414.9019608
53,Alaska,2011,36.4,15-19,4.917647059,491.7647059
54,Alaska,2012,34.7,15-19,5.005882353,500.5882353
55,Alaska,2013,30.6,15-19,3.823529412,382.3529412
56,Alaska,2014,28.3,15-19,3.721568627,372.1568627
57,Alaska,2015,29.5,15-19,6.735294118,673.5294118
58,Alaska,2016,26,15-19,5.201960784,520.1960784
59,Alaska,2017,22,15-19,2.749019608,274.9019608
60,Arizona,1988,69.4,15-19,17.96078431,1796.078431
61,Arizona,1989,72.1,15-19,19.16813725,1916.813725
62,Arizona,1990,74.8,15-19,20.3754902,2037.54902
63,Arizona,1991,77.5,15-19,21.58284314,2158.284314
64,Arizona,1992,80.2,15-19,22.79019608,2279.019608
65,Arizona,1993,78.025,15-19,22.26176471,2226.176471
66,Arizona,1994,75.85,15-19,21.73333333,2173.333333
67,Arizona,1995,73.675,15-19,21.20490196,2120.490196
68,Arizona,1996,71.5,15-19,20.67647059,2067.647059
69,Arizona,1997,70.475,15-19,20.91764706,2091.764706
70,Arizona,1998,69.45,15-19,21.15882353,2115.882353
71,Arizona,1999,68.425,15-19,21.4,2140
72,Arizona,2000,67.4,15-19,21.64117647,2164.117647
73,Arizona,2001,65.66,15-19,21.32784314,2132.784314
74,Arizona,2002,63.92,15-19,21.0145098,2101.45098
75,Arizona,2003,62.18,15-19,20.70117647,2070.117647
76,Arizona,2004,60.44,15-19,20.38784314,2038.784314
77,Arizona,2005,58.7,15-19,20.0745098,2007.45098
78,Arizona,2006,61.2,15-19,20.86666667,2086.666667
79,Arizona,2007,59.6,15-19,18.56666667,1856.666667
80,Arizona,2008,54.5,15-19,14.42745098,1442.745098
81,Arizona,2009,48.6,15-19,10.70392157,1070.392157
82,Arizona,2010,42,15-19,7.649019608,764.9019608
83,Arizona,2011,38.2,15-19,6.717647059,671.7647059
84,Arizona,2012,37,15-19,7.305882353,730.5882353
85,Arizona,2013,33,15-19,6.223529412,622.3529412
86,Arizona,2014,29.9,15-19,5.321568627,532.1568627
87,Arizona,2015,26.3,15-19,3.535294118,353.5294118
88,Arizona,2016,23.5,15-19,2.701960784,270.1960784
89,Arizona,2017,21.9,15-19,2.649019608,264.9019608
90,Arkansas,1988,71.6,15-19,20.16078431,2016.078431
91,Arkansas,1989,72.4,15-19,19.46813725,1946.813725
92,Arkansas,1990,73.2,15-19,18.7754902,1877.54902
93,Arkansas,1991,74,15-19,18.08284314,1808.284314
94,Arkansas,1992,74.8,15-19,17.39019608,1739.019608
95,Arkansas,1993,74.475,15-19,18.71176471,1871.176471
96,Arkansas,1994,74.15,15-19,20.03333333,2003.333333
97,Arkansas,1995,73.825,15-19,21.35490196,2135.490196
98,Arkansas,1996,73.5,15-19,22.67647059,2267.647059
99,Arkansas,1997,71.625,15-19,22.06764706,2206.764706
100,Arkansas,1998,69.75,15-19,21.45882353,2145.882353
101,Arkansas,1999,67.875,15-19,20.85,2085
102,Arkansas,2000,66,15-19,20.24117647,2024.117647
103,Arkansas,2001,64.52,15-19,20.18784314,2018.784314
104,Arkansas,2002,63.04,15-19,20.1345098,2013.45098
105,Arkansas,2003,61.56,15-19,20.08117647,2008.117647
106,Arkansas,2004,60.08,15-19,20.02784314,2002.784314
107,Arkansas,2005,58.6,15-19,19.9745098,1997.45098
108,Arkansas,2006,60.8,15-19,20.46666667,2046.666667
109,Arkansas,2007,60.1,15-19,19.06666667,1906.666667
110,Arkansas,2008,59.8,15-19,19.72745098,1972.745098
111,Arkansas,2009,57.8,15-19,19.90392157,1990.392157
112,Arkansas,2010,52.7,15-19,18.34901961,1834.901961
113,Arkansas,2011,49.7,15-19,18.21764706,1821.764706
114,Arkansas,2012,45.1,15-19,15.40588235,1540.588235
115,Arkansas,2013,43.1,15-19,16.32352941,1632.352941
116,Arkansas,2014,39.3,15-19,14.72156863,1472.156863
117,Arkansas,2015,38,15-19,15.23529412,1523.529412
118,Arkansas,2016,34.7,15-19,13.90196078,1390.196078
119,Arkansas,2017,32.8,15-19,13.54901961,1354.901961
120,California,1988,58.4,15-19,6.960784314,696.0784314
121,California,1989,62,15-19,9.068137255,906.8137255
122,California,1990,65.6,15-19,11.1754902,1117.54902
123,California,1991,69.2,15-19,13.28284314,1328.284314
124,California,1992,72.8,15-19,15.39019608,1539.019608
125,California,1993,69.85,15-19,14.08676471,1408.676471
126,California,1994,66.9,15-19,12.78333333,1278.333333
127,California,1995,63.95,15-19,11.47990196,1147.990196
128,California,1996,61,15-19,10.17647059,1017.647059
129,California,1997,57.475,15-19,7.917647059,791.7647059
130,California,1998,53.95,15-19,5.658823529,565.8823529
131,California,1999,50.425,15-19,3.4,340
132,California,2000,46.9,15-19,1.141176471,114.1176471
133,California,2001,45.26,15-19,0.927843137,92.78431373
134,California,2002,43.62,15-19,0.714509804,71.45098039
135,California,2003,41.98,15-19,0.501176471,50.11764706
136,California,2004,40.34,15-19,0.287843137,28.78431373
137,California,2005,38.7,15-19,0.074509804,7.450980392
138,California,2006,39.9,15-19,-0.433333333,-43.33333333
139,California,2007,39.6,15-19,-1.433333333,-143.3333333
140,California,2008,37.9,15-19,-2.17254902,-217.254902
141,California,2009,34.9,15-19,-2.996078431,-299.6078431
142,California,2010,31.7,15-19,-2.650980392,-265.0980392
143,California,2011,28.7,15-19,-2.782352941,-278.2352941
144,California,2012,26.6,15-19,-3.094117647,-309.4117647
145,California,2013,23.5,15-19,-3.276470588,-327.6470588
146,California,2014,21.1,15-19,-3.478431373,-347.8431373
147,California,2015,19,15-19,-3.764705882,-376.4705882
148,California,2016,17,15-19,-3.798039216,-379.8039216
149,California,2017,15.1,15-19,-4.150980392,-415.0980392
150,Colorado,1988,48.7,15-19,-2.739215686,-273.9215686
151,Colorado,1989,51.125,15-19,-1.806862745,-180.6862745
152,Colorado,1990,53.55,15-19,-0.874509804,-87.45098039
153,Colorado,1991,55.975,15-19,0.057843137,5.784313725
154,Colorado,1992,58.4,15-19,0.990196078,99.01960784
155,Colorado,1993,56.475,15-19,0.711764706,71.17647059
156,Colorado,1994,54.55,15-19,0.433333333,43.33333333
157,Colorado,1995,52.625,15-19,0.154901961,15.49019608
158,Colorado,1996,50.7,15-19,-0.123529412,-12.35294118
159,Colorado,1997,50.75,15-19,1.192647059,119.2647059
160,Colorado,1998,50.8,15-19,2.508823529,250.8823529
161,Colorado,1999,50.85,15-19,3.825,382.5
162,Colorado,2000,50.9,15-19,5.141176471,514.1176471
163,Colorado,2001,49.08,15-19,4.747843137,474.7843137
164,Colorado,2002,47.26,15-19,4.354509804,435.4509804
165,Colorado,2003,45.44,15-19,3.961176471,396.1176471
166,Colorado,2004,43.62,15-19,3.567843137,356.7843137
167,Colorado,2005,41.8,15-19,3.174509804,317.4509804
168,Colorado,2006,41.9,15-19,1.566666667,156.6666667
169,Colorado,2007,41.6,15-19,0.566666667,56.66666667
170,Colorado,2008,40.5,15-19,0.42745098,42.74509804
171,Colorado,2009,37.7,15-19,-0.196078431,-19.60784314
172,Colorado,2010,33.4,15-19,-0.950980392,-95.09803922
173,Colorado,2011,28.9,15-19,-2.582352941,-258.2352941
174,Colorado,2012,25.4,15-19,-4.294117647,-429.4117647
175,Colorado,2013,23.4,15-19,-3.376470588,-337.6470588
176,Colorado,2014,20.4,15-19,-4.178431373,-417.8431373
177,Colorado,2015,19.5,15-19,-3.264705882,-326.4705882
178,Colorado,2016,17.9,15-19,-2.898039216,-289.8039216
179,Colorado,2017,16.1,15-19,-3.150980392,-315.0980392
180,Connecticut,1988,35,15-19,-16.43921569,-1643.921569
181,Connecticut,1989,36,15-19,-16.93186275,-1693.186275
182,Connecticut,1990,37,15-19,-17.4245098,-1742.45098
183,Connecticut,1991,38,15-19,-17.91715686,-1791.715686
184,Connecticut,1992,39,15-19,-18.40980392,-1840.980392
185,Connecticut,1993,38.4,15-19,-17.36323529,-1736.323529
186,Connecticut,1994,37.8,15-19,-16.31666667,-1631.666667
187,Connecticut,1995,37.2,15-19,-15.27009804,-1527.009804
188,Connecticut,1996,36.6,15-19,-14.22352941,-1422.352941
189,Connecticut,1997,35.225,15-19,-14.33235294,-1433.235294
190,Connecticut,1998,33.85,15-19,-14.44117647,-1444.117647
191,Connecticut,1999,32.475,15-19,-14.55,-1455
192,Connecticut,2000,31.1,15-19,-14.65882353,-1465.882353
193,Connecticut,2001,29.54,15-19,-14.79215686,-1479.215686
194,Connecticut,2002,27.98,15-19,-14.9254902,-1492.54902
195,Connecticut,2003,26.42,15-19,-15.05882353,-1505.882353
196,Connecticut,2004,24.86,15-19,-15.19215686,-1519.215686
197,Connecticut,2005,23.3,15-19,-15.3254902,-1532.54902
198,Connecticut,2006,23.5,15-19,-16.83333333,-1683.333333
199,Connecticut,2007,23,15-19,-18.03333333,-1803.333333
200,Connecticut,2008,22.6,15-19,-17.47254902,-1747.254902
201,Connecticut,2009,21.2,15-19,-16.69607843,-1669.607843
202,Connecticut,2010,18.4,15-19,-15.95098039,-1595.098039
203,Connecticut,2011,16.1,15-19,-15.38235294,-1538.235294
204,Connecticut,2012,15,15-19,-14.69411765,-1469.411765
205,Connecticut,2013,12.9,15-19,-13.87647059,-1387.647059
206,Connecticut,2014,11.5,15-19,-13.07843137,-1307.843137
207,Connecticut,2015,10.2,15-19,-12.56470588,-1256.470588
208,Connecticut,2016,9.4,15-19,-11.39803922,-1139.803922
209,Connecticut,2017,8.8,15-19,-10.45098039,-1045.098039
210,Delaware,1988,53.1,15-19,1.660784314,166.0784314
211,Delaware,1989,54.5,15-19,1.568137255,156.8137255
212,Delaware,1990,55.9,15-19,1.475490196,147.5490196
213,Delaware,1991,57.3,15-19,1.382843137,138.2843137
214,Delaware,1992,58.7,15-19,1.290196078,129.0196078
215,Delaware,1993,57.475,15-19,1.711764706,171.1764706
216,Delaware,1994,56.25,15-19,2.133333333,213.3333333
217,Delaware,1995,55.025,15-19,2.554901961,255.4901961
218,Delaware,1996,53.8,15-19,2.976470588,297.6470588
219,Delaware,1997,52.325,15-19,2.767647059,276.7647059
220,Delaware,1998,50.85,15-19,2.558823529,255.8823529
221,Delaware,1999,49.375,15-19,2.35,235
222,Delaware,2000,47.9,15-19,2.141176471,214.1176471
223,Delaware,2001,46.34,15-19,2.007843137,200.7843137
224,Delaware,2002,44.78,15-19,1.874509804,187.4509804
225,Delaware,2003,43.22,15-19,1.741176471,174.1176471
226,Delaware,2004,41.66,15-19,1.607843137,160.7843137
227,Delaware,2005,40.1,15-19,1.474509804,147.4509804
228,Delaware,2006,40.6,15-19,0.266666667,26.66666667
229,Delaware,2007,39.2,15-19,-1.833333333,-183.3333333
230,Delaware,2008,38.3,15-19,-1.77254902,-177.254902
231,Delaware,2009,33.5,15-19,-4.396078431,-439.6078431
232,Delaware,2010,30.7,15-19,-3.650980392,-365.0980392
233,Delaware,2011,29.1,15-19,-2.382352941,-238.2352941
234,Delaware,2012,25.1,15-19,-4.594117647,-459.4117647
235,Delaware,2013,24.4,15-19,-2.376470588,-237.6470588
236,Delaware,2014,20.9,15-19,-3.678431373,-367.8431373
237,Delaware,2015,18.2,15-19,-4.564705882,-456.4705882
238,Delaware,2016,19.7,15-19,-1.098039216,-109.8039216
239,Delaware,2017,18.5,15-19,-0.750980392,-75.09803922
240,District of Columbia,1988,75.6,15-19,24.16078431,2416.078431
241,District of Columbia,1989,83.375,15-19,30.44313725,3044.313725
242,District of Columbia,1990,91.15,15-19,36.7254902,3672.54902
243,District of Columbia,1991,98.925,15-19,43.00784314,4300.784314
244,District of Columbia,1992,106.7,15-19,49.29019608,4929.019608
245,District of Columbia,1993,99.825,15-19,44.06176471,4406.176471
246,District of Columbia,1994,92.95,15-19,38.83333333,3883.333333
247,District of Columbia,1995,86.075,15-19,33.60490196,3360.490196
248,District of Columbia,1996,79.2,15-19,28.37647059,2837.647059
249,District of Columbia,1997,72.725,15-19,23.16764706,2316.764706
250,District of Columbia,1998,66.25,15-19,17.95882353,1795.882353
251,District of Columbia,1999,59.775,15-19,12.75,1275
252,District of Columbia,2000,53.3,15-19,7.541176471,754.1176471
253,District of Columbia,2001,51.06,15-19,6.727843137,672.7843137
254,District of Columbia,2002,48.82,15-19,5.914509804,591.4509804
255,District of Columbia,2003,46.58,15-19,5.101176471,510.1176471
256,District of Columbia,2004,44.34,15-19,4.287843137,428.7843137
257,District of Columbia,2005,42.1,15-19,3.474509804,347.4509804
258,District of Columbia,2006,48.1,15-19,7.766666667,776.6666667
259,District of Columbia,2007,50.4,15-19,9.366666667,936.6666667
260,District of Columbia,2008,51.1,15-19,11.02745098,1102.745098
261,District of Columbia,2009,48.5,15-19,10.60392157,1060.392157
262,District of Columbia,2010,45.5,15-19,11.14901961,1114.901961
263,District of Columbia,2011,42.8,15-19,11.31764706,1131.764706
264,District of Columbia,2012,38.9,15-19,9.205882353,920.5882353
265,District of Columbia,2013,32,15-19,5.223529412,522.3529412
266,District of Columbia,2014,29,15-19,4.421568627,442.1568627
267,District of Columbia,2015,25.8,15-19,3.035294118,303.5294118
268,District of Columbia,2016,24.1,15-19,3.301960784,330.1960784
269,District of Columbia,2017,21.2,15-19,1.949019608,194.9019608
270,Florida,1988,62.4,15-19,10.96078431,1096.078431
271,Florida,1989,63.1,15-19,10.16813725,1016.813725
272,Florida,1990,63.8,15-19,9.375490196,937.5490196
273,Florida,1991,64.5,15-19,8.582843137,858.2843137
274,Florida,1992,65.2,15-19,7.790196078,779.0196078
275,Florida,1993,63.2,15-19,7.436764706,743.6764706
276,Florida,1994,61.2,15-19,7.083333333,708.3333333
277,Florida,1995,59.2,15-19,6.729901961,672.9901961
278,Florida,1996,57.2,15-19,6.376470588,637.6470588
279,Florida,1997,55.6,15-19,6.042647059,604.2647059
280,Florida,1998,54,15-19,5.708823529,570.8823529
281,Florida,1999,52.4,15-19,5.375,537.5
282,Florida,2000,50.8,15-19,5.041176471,504.1176471
283,Florida,2001,49.1,15-19,4.767843137,476.7843137
284,Florida,2002,47.4,15-19,4.494509804,449.4509804
285,Florida,2003,45.7,15-19,4.221176471,422.1176471
286,Florida,2004,44,15-19,3.947843137,394.7843137
287,Florida,2005,42.3,15-19,3.674509804,367.4509804
288,Florida,2006,43.1,15-19,2.766666667,276.6666667
289,Florida,2007,43,15-19,1.966666667,196.6666667
290,Florida,2008,40,15-19,-0.07254902,-7.254901961
291,Florida,2009,36.6,15-19,-1.296078431,-129.6078431
292,Florida,2010,32.3,15-19,-2.050980392,-205.0980392
293,Florida,2011,29.6,15-19,-1.882352941,-188.2352941
294,Florida,2012,28,15-19,-1.694117647,-169.4117647
295,Florida,2013,24.5,15-19,-2.276470588,-227.6470588
296,Florida,2014,22.5,15-19,-2.078431373,-207.8431373
297,Florida,2015,20.8,15-19,-1.964705882,-196.4705882
298,Florida,2016,19.2,15-19,-1.598039216,-159.8039216
299,Florida,2017,18.2,15-19,-1.050980392,-105.0980392
300,Georgia,1988,68.2,15-19,16.76078431,1676.078431
301,Georgia,1989,69.7,15-19,16.76813725,1676.813725
302,Georgia,1990,71.2,15-19,16.7754902,1677.54902
303,Georgia,1991,72.7,15-19,16.78284314,1678.284314
304,Georgia,1992,74.2,15-19,16.79019608,1679.019608
305,Georgia,1993,72.35,15-19,16.58676471,1658.676471
306,Georgia,1994,70.5,15-19,16.38333333,1638.333333
307,Georgia,1995,68.65,15-19,16.17990196,1617.990196
308,Georgia,1996,66.8,15-19,15.97647059,1597.647059
309,Georgia,1997,65.725,15-19,16.16764706,1616.764706
310,Georgia,1998,64.65,15-19,16.35882353,1635.882353
311,Georgia,1999,63.575,15-19,16.55,1655
312,Georgia,2000,62.5,15-19,16.74117647,1674.117647
313,Georgia,2001,60.4,15-19,16.06784314,1606.784314
314,Georgia,2002,58.3,15-19,15.3945098,1539.45098
315,Georgia,2003,56.2,15-19,14.72117647,1472.117647
316,Georgia,2004,54.1,15-19,14.04784314,1404.784314
317,Georgia,2005,52,15-19,13.3745098,1337.45098
318,Georgia,2006,53.7,15-19,13.36666667,1336.666667
319,Georgia,2007,53.4,15-19,12.36666667,1236.666667
320,Georgia,2008,50,15-19,9.92745098,992.745098
321,Georgia,2009,47,15-19,9.103921569,910.3921569
322,Georgia,2010,41.5,15-19,7.149019608,714.9019608
323,Georgia,2011,38,15-19,6.517647059,651.7647059
324,Georgia,2012,33.7,15-19,4.005882353,400.5882353
325,Georgia,2013,30.4,15-19,3.623529412,362.3529412
326,Georgia,2014,28.3,15-19,3.721568627,372.1568627
327,Georgia,2015,25.6,15-19,2.835294118,283.5294118
328,Georgia,2016,23.5,15-19,2.701960784,270.1960784
329,Georgia,2017,21.9,15-19,2.649019608,264.9019608
330,Hawaii,1988,49,15-19,-2.439215686,-243.9215686
331,Hawaii,1989,50.3,15-19,-2.631862745,-263.1862745
332,Hawaii,1990,51.6,15-19,-2.824509804,-282.4509804
333,Hawaii,1991,52.9,15-19,-3.017156863,-301.7156863
334,Hawaii,1992,54.2,15-19,-3.209803922,-320.9803922
335,Hawaii,1993,52.875,15-19,-2.888235294,-288.8235294
336,Hawaii,1994,51.55,15-19,-2.566666667,-256.6666667
337,Hawaii,1995,50.225,15-19,-2.245098039,-224.5098039
338,Hawaii,1996,48.9,15-19,-1.923529412,-192.3529412
339,Hawaii,1997,48.2,15-19,-1.357352941,-135.7352941
340,Hawaii,1998,47.5,15-19,-0.791176471,-79.11764706
341,Hawaii,1999,46.8,15-19,-0.225,-22.5
342,Hawaii,2000,46.1,15-19,0.341176471,34.11764706
343,Hawaii,2001,44.18,15-19,-0.152156863,-15.21568627
344,Hawaii,2002,42.26,15-19,-0.645490196,-64.54901961
345,Hawaii,2003,40.34,15-19,-1.138823529,-113.8823529
346,Hawaii,2004,38.42,15-19,-1.632156863,-163.2156863
347,Hawaii,2005,36.5,15-19,-2.125490196,-212.5490196
348,Hawaii,2006,39,15-19,-1.333333333,-133.3333333
349,Hawaii,2007,38.7,15-19,-2.333333333,-233.3333333
350,Hawaii,2008,38.9,15-19,-1.17254902,-117.254902
351,Hawaii,2009,37,15-19,-0.896078431,-89.60784314
352,Hawaii,2010,32.6,15-19,-1.750980392,-175.0980392
353,Hawaii,2011,29.8,15-19,-1.682352941,-168.2352941
354,Hawaii,2012,28.1,15-19,-1.594117647,-159.4117647
355,Hawaii,2013,25.1,15-19,-1.676470588,-167.6470588
356,Hawaii,2014,23.5,15-19,-1.078431373,-107.8431373
357,Hawaii,2015,20.9,15-19,-1.864705882,-186.4705882
358,Hawaii,2016,19.3,15-19,-1.498039216,-149.8039216
359,Hawaii,2017,19,15-19,-0.250980392,-25.09803922
360,Idaho,1988,46.5,15-19,-4.939215686,-493.9215686
361,Idaho,1989,47.75,15-19,-5.181862745,-518.1862745
362,Idaho,1990,49,15-19,-5.424509804,-542.4509804
363,Idaho,1991,50.25,15-19,-5.667156863,-566.7156863
364,Idaho,1992,51.5,15-19,-5.909803922,-590.9803922
365,Idaho,1993,50.35,15-19,-5.413235294,-541.3235294
366,Idaho,1994,49.2,15-19,-4.916666667,-491.6666667
367,Idaho,1995,48.05,15-19,-4.420098039,-442.0098039
368,Idaho,1996,46.9,15-19,-3.923529412,-392.3529412
369,Idaho,1997,45.85,15-19,-3.707352941,-370.7352941
370,Idaho,1998,44.8,15-19,-3.491176471,-349.1176471
371,Idaho,1999,43.75,15-19,-3.275,-327.5
372,Idaho,2000,42.7,15-19,-3.058823529,-305.8823529
373,Idaho,2001,41.44,15-19,-2.892156863,-289.2156863
374,Idaho,2002,40.18,15-19,-2.725490196,-272.5490196
375,Idaho,2003,38.92,15-19,-2.558823529,-255.8823529
376,Idaho,2004,37.66,15-19,-2.392156863,-239.2156863
377,Idaho,2005,36.4,15-19,-2.225490196,-222.5490196
378,Idaho,2006,38.1,15-19,-2.233333333,-223.3333333
379,Idaho,2007,39.9,15-19,-1.133333333,-113.3333333
380,Idaho,2008,39.6,15-19,-0.47254902,-47.25490196
381,Idaho,2009,35.9,15-19,-1.996078431,-199.6078431
382,Idaho,2010,33.1,15-19,-1.250980392,-125.0980392
383,Idaho,2011,28.4,15-19,-3.082352941,-308.2352941
384,Idaho,2012,28.3,15-19,-1.394117647,-139.4117647
385,Idaho,2013,25.7,15-19,-1.076470588,-107.6470588
386,Idaho,2014,23.2,15-19,-1.378431373,-137.8431373
387,Idaho,2015,22.5,15-19,-0.264705882,-26.47058824
388,Idaho,2016,19.9,15-19,-0.898039216,-89.80392157
389,Idaho,2017,18.5,15-19,-0.750980392,-75.09803922
390,Illinois,1988,54,15-19,2.560784314,256.0784314
391,Illinois,1989,56.25,15-19,3.318137255,331.8137255
392,Illinois,1990,58.5,15-19,4.075490196,407.5490196
393,Illinois,1991,60.75,15-19,4.832843137,483.2843137
394,Illinois,1992,63,15-19,5.590196078,559.0196078
395,Illinois,1993,61.075,15-19,5.311764706,531.1764706
396,Illinois,1994,59.15,15-19,5.033333333,503.3333333
397,Illinois,1995,57.225,15-19,4.754901961,475.4901961
398,Illinois,1996,55.3,15-19,4.476470588,447.6470588
399,Illinois,1997,53.45,15-19,3.892647059,389.2647059
400,Illinois,1998,51.6,15-19,3.308823529,330.8823529
401,Illinois,1999,49.75,15-19,2.725,272.5
402,Illinois,2000,47.9,15-19,2.141176471,214.1176471
403,Illinois,2001,46.02,15-19,1.687843137,168.7843137
404,Illinois,2002,44.14,15-19,1.234509804,123.4509804
405,Illinois,2003,42.26,15-19,0.781176471,78.11764706
406,Illinois,2004,40.38,15-19,0.327843137,32.78431373
407,Illinois,2005,38.5,15-19,-0.125490196,-12.54901961
408,Illinois,2006,39.8,15-19,-0.533333333,-53.33333333
409,Illinois,2007,40.2,15-19,-0.833333333,-83.33333333
410,Illinois,2008,38.5,15-19,-1.57254902,-157.254902
411,Illinois,2009,35.9,15-19,-1.996078431,-199.6078431
412,Illinois,2010,33.1,15-19,-1.250980392,-125.0980392
413,Illinois,2011,29.5,15-19,-1.982352941,-198.2352941
414,Illinois,2012,27.9,15-19,-1.794117647,-179.4117647
415,Illinois,2013,24.7,15-19,-2.076470588,-207.6470588
416,Illinois,2014,22.8,15-19,-1.778431373,-177.8431373
417,Illinois,2015,21.1,15-19,-1.664705882,-166.4705882
418,Illinois,2016,18.8,15-19,-1.998039216,-199.8039216
419,Illinois,2017,17.4,15-19,-1.850980392,-185.0980392
420,Indiana,1988,52.4,15-19,0.960784314,96.07843137
421,Indiana,1989,53.925,15-19,0.993137255,99.31372549
422,Indiana,1990,55.45,15-19,1.025490196,102.5490196
423,Indiana,1991,56.975,15-19,1.057843137,105.7843137
424,Indiana,1992,58.5,15-19,1.090196078,109.0196078
425,Indiana,1993,57.65,15-19,1.886764706,188.6764706
426,Indiana,1994,56.8,15-19,2.683333333,268.3333333
427,Indiana,1995,55.95,15-19,3.479901961,347.9901961
428,Indiana,1996,55.1,15-19,4.276470588,427.6470588
429,Indiana,1997,53.575,15-19,4.017647059,401.7647059
430,Indiana,1998,52.05,15-19,3.758823529,375.8823529
431,Indiana,1999,50.525,15-19,3.5,350
432,Indiana,2000,49,15-19,3.241176471,324.1176471
433,Indiana,2001,47.62,15-19,3.287843137,328.7843137
434,Indiana,2002,46.24,15-19,3.334509804,333.4509804
435,Indiana,2003,44.86,15-19,3.381176471,338.1176471
436,Indiana,2004,43.48,15-19,3.427843137,342.7843137
437,Indiana,2005,42.1,15-19,3.474509804,347.4509804
438,Indiana,2006,41.8,15-19,1.466666667,146.6666667
439,Indiana,2007,43,15-19,1.966666667,196.6666667
440,Indiana,2008,41.2,15-19,1.12745098,112.745098
441,Indiana,2009,40.8,15-19,2.903921569,290.3921569
442,Indiana,2010,37.5,15-19,3.149019608,314.9019608
443,Indiana,2011,34.8,15-19,3.317647059,331.7647059
444,Indiana,2012,33,15-19,3.305882353,330.5882353
445,Indiana,2013,30.2,15-19,3.423529412,342.3529412
446,Indiana,2014,28,15-19,3.421568627,342.1568627
447,Indiana,2015,26.1,15-19,3.335294118,333.5294118
448,Indiana,2016,23.5,15-19,2.701960784,270.1960784
449,Indiana,2017,22.8,15-19,3.549019608,354.9019608
450,Iowa,1988,34.1,15-19,-17.33921569,-1733.921569
451,Iowa,1989,35.7,15-19,-17.23186275,-1723.186275
452,Iowa,1990,37.3,15-19,-17.1245098,-1712.45098
453,Iowa,1991,38.9,15-19,-17.01715686,-1701.715686
454,Iowa,1992,40.5,15-19,-16.90980392,-1690.980392
455,Iowa,1993,39.725,15-19,-16.03823529,-1603.823529
456,Iowa,1994,38.95,15-19,-15.16666667,-1516.666667
457,Iowa,1995,38.175,15-19,-14.29509804,-1429.509804
458,Iowa,1996,37.4,15-19,-13.42352941,-1342.352941
459,Iowa,1997,36.6,15-19,-12.95735294,-1295.735294
460,Iowa,1998,35.8,15-19,-12.49117647,-1249.117647
461,Iowa,1999,35,15-19,-12.025,-1202.5
462,Iowa,2000,34.2,15-19,-11.55882353,-1155.882353
463,Iowa,2001,33.58,15-19,-10.75215686,-1075.215686
464,Iowa,2002,32.96,15-19,-9.945490196,-994.5490196
465,Iowa,2003,32.34,15-19,-9.138823529,-913.8823529
466,Iowa,2004,31.72,15-19,-8.332156863,-833.2156863
467,Iowa,2005,31.1,15-19,-7.525490196,-752.5490196
468,Iowa,2006,32.6,15-19,-7.733333333,-773.3333333
469,Iowa,2007,32.8,15-19,-8.233333333,-823.3333333
470,Iowa,2008,33.4,15-19,-6.67254902,-667.254902
471,Iowa,2009,32.1,15-19,-5.796078431,-579.6078431
472,Iowa,2010,28.6,15-19,-5.750980392,-575.0980392
473,Iowa,2011,25.3,15-19,-6.182352941,-618.2352941
474,Iowa,2012,24.1,15-19,-5.594117647,-559.4117647
475,Iowa,2013,22,15-19,-4.776470588,-477.6470588
476,Iowa,2014,19.7,15-19,-4.878431373,-487.8431373
477,Iowa,2015,18.6,15-19,-4.164705882,-416.4705882
478,Iowa,2016,17.2,15-19,-3.598039216,-359.8039216
479,Iowa,2017,16.1,15-19,-3.150980392,-315.0980392
480,Kansas,1988,50.8,15-19,-0.639215686,-63.92156863
481,Kansas,1989,52,15-19,-0.931862745,-93.18627451
482,Kansas,1990,53.2,15-19,-1.224509804,-122.4509804
483,Kansas,1991,54.4,15-19,-1.517156863,-151.7156863
484,Kansas,1992,55.6,15-19,-1.809803922,-180.9803922
485,Kansas,1993,54.05,15-19,-1.713235294,-171.3235294
486,Kansas,1994,52.5,15-19,-1.616666667,-161.6666667
487,Kansas,1995,50.95,15-19,-1.520098039,-152.0098039
488,Kansas,1996,49.4,15-19,-1.423529412,-142.3529412
489,Kansas,1997,48.525,15-19,-1.032352941,-103.2352941
490,Kansas,1998,47.65,15-19,-0.641176471,-64.11764706
491,Kansas,1999,46.775,15-19,-0.25,-25
492,Kansas,2000,45.9,15-19,0.141176471,14.11764706
493,Kansas,2001,44.74,15-19,0.407843137,40.78431373
494,Kansas,2002,43.58,15-19,0.674509804,67.45098039
495,Kansas,2003,42.42,15-19,0.941176471,94.11764706
496,Kansas,2004,41.26,15-19,1.207843137,120.7843137
497,Kansas,2005,40.1,15-19,1.474509804,147.4509804
498,Kansas,2006,40.9,15-19,0.566666667,56.66666667
499,Kansas,2007,42.5,15-19,1.466666667,146.6666667
500,Kansas,2008,44.1,15-19,4.02745098,402.745098
501,Kansas,2009,42.7,15-19,4.803921569,480.3921569
502,Kansas,2010,39.2,15-19,4.849019608,484.9019608
503,Kansas,2011,35.6,15-19,4.117647059,411.7647059
504,Kansas,2012,34.1,15-19,4.405882353,440.5882353
505,Kansas,2013,29.6,15-19,2.823529412,282.3529412
506,Kansas,2014,27.6,15-19,3.021568627,302.1568627
507,Kansas,2015,25.6,15-19,2.835294118,283.5294118
508,Kansas,2016,21.9,15-19,1.101960784,110.1960784
509,Kansas,2017,21.3,15-19,2.049019608,204.9019608
510,Kentucky,1988,60.8,15-19,9.360784314,936.0784314
511,Kentucky,1989,61.8,15-19,8.868137255,886.8137255
512,Kentucky,1990,62.8,15-19,8.375490196,837.5490196
513,Kentucky,1991,63.8,15-19,7.882843137,788.2843137
514,Kentucky,1992,64.8,15-19,7.390196078,739.0196078
515,Kentucky,1993,63.9,15-19,8.136764706,813.6764706
516,Kentucky,1994,63,15-19,8.883333333,888.3333333
517,Kentucky,1995,62.1,15-19,9.629901961,962.9901961
518,Kentucky,1996,61.2,15-19,10.37647059,1037.647059
519,Kentucky,1997,59.65,15-19,10.09264706,1009.264706
520,Kentucky,1998,58.1,15-19,9.808823529,980.8823529
521,Kentucky,1999,56.55,15-19,9.525,952.5
522,Kentucky,2000,55,15-19,9.241176471,924.1176471
523,Kentucky,2001,53.62,15-19,9.287843137,928.7843137
524,Kentucky,2002,52.24,15-19,9.334509804,933.4509804
525,Kentucky,2003,50.86,15-19,9.381176471,938.1176471
526,Kentucky,2004,49.48,15-19,9.427843137,942.7843137
527,Kentucky,2005,48.1,15-19,9.474509804,947.4509804
528,Kentucky,2006,52.3,15-19,11.96666667,1196.666667
529,Kentucky,2007,52.6,15-19,11.56666667,1156.666667
530,Kentucky,2008,52.5,15-19,12.42745098,1242.745098
531,Kentucky,2009,49.7,15-19,11.80392157,1180.392157
532,Kentucky,2010,46.4,15-19,12.04901961,1204.901961
533,Kentucky,2011,43.3,15-19,11.81764706,1181.764706
534,Kentucky,2012,41.1,15-19,11.40588235,1140.588235
535,Kentucky,2013,39,15-19,12.22352941,1222.352941
536,Kentucky,2014,35.3,15-19,10.72156863,1072.156863
537,Kentucky,2015,32.3,15-19,9.535294118,953.5294118
538,Kentucky,2016,30.9,15-19,10.10196078,1010.196078
539,Kentucky,2017,29,15-19,9.749019608,974.9019608
540,Louisiana,1988,68.4,15-19,16.96078431,1696.078431
541,Louisiana,1989,70.325,15-19,17.39313725,1739.313725
542,Louisiana,1990,72.25,15-19,17.8254902,1782.54902
543,Louisiana,1991,74.175,15-19,18.25784314,1825.784314
544,Louisiana,1992,76.1,15-19,18.69019608,1869.019608
545,Louisiana,1993,73.775,15-19,18.01176471,1801.176471
546,Louisiana,1994,71.45,15-19,17.33333333,1733.333333
547,Louisiana,1995,69.125,15-19,16.65490196,1665.490196
548,Louisiana,1996,66.8,15-19,15.97647059,1597.647059
549,Louisiana,1997,65.6,15-19,16.04264706,1604.264706
550,Louisiana,1998,64.4,15-19,16.10882353,1610.882353
551,Louisiana,1999,63.2,15-19,16.175,1617.5
552,Louisiana,2000,62,15-19,16.24117647,1624.117647
553,Louisiana,2001,59.06,15-19,14.72784314,1472.784314
554,Louisiana,2002,56.12,15-19,13.2145098,1321.45098
555,Louisiana,2003,53.18,15-19,11.70117647,1170.117647
556,Louisiana,2004,50.24,15-19,10.18784314,1018.784314
557,Louisiana,2005,47.3,15-19,8.674509804,867.4509804
558,Louisiana,2006,53.6,15-19,13.26666667,1326.666667
559,Louisiana,2007,55.2,15-19,14.16666667,1416.666667
560,Louisiana,2008,54,15-19,13.92745098,1392.745098
561,Louisiana,2009,51.7,15-19,13.80392157,1380.392157
562,Louisiana,2010,48.2,15-19,13.84901961,1384.901961
563,Louisiana,2011,45.5,15-19,14.01764706,1401.764706
564,Louisiana,2012,43.1,15-19,13.40588235,1340.588235
565,Louisiana,2013,39.3,15-19,12.52352941,1252.352941
566,Louisiana,2014,35.9,15-19,11.32156863,1132.156863
567,Louisiana,2015,34.3,15-19,11.53529412,1153.529412
568,Louisiana,2016,30.8,15-19,10.00196078,1000.196078
569,Louisiana,2017,29.2,15-19,9.949019608,994.9019608
570,Maine,1988,41.1,15-19,-10.33921569,-1033.921569
571,Maine,1989,40.825,15-19,-12.10686275,-1210.686275
572,Maine,1990,40.55,15-19,-13.8745098,-1387.45098
573,Maine,1991,40.275,15-19,-15.64215686,-1564.215686
574,Maine,1992,40,15-19,-17.40980392,-1740.980392
575,Maine,1993,37.925,15-19,-17.83823529,-1783.823529
576,Maine,1994,35.85,15-19,-18.26666667,-1826.666667
577,Maine,1995,33.775,15-19,-18.69509804,-1869.509804
578,Maine,1996,31.7,15-19,-19.12352941,-1912.352941
579,Maine,1997,31.05,15-19,-18.50735294,-1850.735294
580,Maine,1998,30.4,15-19,-17.89117647,-1789.117647
581,Maine,1999,29.75,15-19,-17.275,-1727.5
582,Maine,2000,29.1,15-19,-16.65882353,-1665.882353
583,Maine,2001,28.16,15-19,-16.17215686,-1617.215686
584,Maine,2002,27.22,15-19,-15.6854902,-1568.54902
585,Maine,2003,26.28,15-19,-15.19882353,-1519.882353
586,Maine,2004,25.34,15-19,-14.71215686,-1471.215686
587,Maine,2005,24.4,15-19,-14.2254902,-1422.54902
588,Maine,2006,24.9,15-19,-15.43333333,-1543.333333
589,Maine,2007,26,15-19,-15.03333333,-1503.333333
590,Maine,2008,25,15-19,-15.07254902,-1507.254902
591,Maine,2009,24,15-19,-13.89607843,-1389.607843
592,Maine,2010,21.5,15-19,-12.85098039,-1285.098039
593,Maine,2011,20.7,15-19,-10.78235294,-1078.235294
594,Maine,2012,19.5,15-19,-10.19411765,-1019.411765
595,Maine,2013,17.4,15-19,-9.376470588,-937.6470588
596,Maine,2014,16.4,15-19,-8.178431373,-817.8431373
597,Maine,2015,15.3,15-19,-7.464705882,-746.4705882
598,Maine,2016,14.8,15-19,-5.998039216,-599.8039216
599,Maine,2017,13.2,15-19,-6.050980392,-605.0980392
600,Maryland,1988,49.8,15-19,-1.639215686,-163.9215686
601,Maryland,1989,50,15-19,-2.931862745,-293.1862745
602,Maryland,1990,50.2,15-19,-4.224509804,-422.4509804
603,Maryland,1991,50.4,15-19,-5.517156863,-551.7156863
604,Maryland,1992,50.6,15-19,-6.809803922,-680.9803922
605,Maryland,1993,49.375,15-19,-6.388235294,-638.8235294
606,Maryland,1994,48.15,15-19,-5.966666667,-596.6666667
607,Maryland,1995,46.925,15-19,-5.545098039,-554.5098039
608,Maryland,1996,45.7,15-19,-5.123529412,-512.3529412
609,Maryland,1997,44.575,15-19,-4.982352941,-498.2352941
610,Maryland,1998,43.45,15-19,-4.841176471,-484.1176471
611,Maryland,1999,42.325,15-19,-4.7,-470
612,Maryland,2000,41.2,15-19,-4.558823529,-455.8823529
613,Maryland,2001,39.38,15-19,-4.952156863,-495.2156863
614,Maryland,2002,37.56,15-19,-5.345490196,-534.5490196
615,Maryland,2003,35.74,15-19,-5.738823529,-573.8823529
616,Maryland,2004,33.92,15-19,-6.132156863,-613.2156863
617,Maryland,2005,32.1,15-19,-6.525490196,-652.5490196
618,Maryland,2006,33.7,15-19,-6.633333333,-663.3333333
619,Maryland,2007,34.3,15-19,-6.733333333,-673.3333333
620,Maryland,2008,32.6,15-19,-7.47254902,-747.254902
621,Maryland,2009,30.7,15-19,-7.196078431,-719.6078431
622,Maryland,2010,27.3,15-19,-7.050980392,-705.0980392
623,Maryland,2011,24.4,15-19,-7.082352941,-708.2352941
624,Maryland,2012,22.1,15-19,-7.594117647,-759.4117647
625,Maryland,2013,19.3,15-19,-7.476470588,-747.6470588
626,Maryland,2014,17.9,15-19,-6.678431373,-667.8431373
627,Maryland,2015,17,15-19,-5.764705882,-576.4705882
628,Maryland,2016,16,15-19,-4.798039216,-479.8039216
629,Maryland,2017,14.2,15-19,-5.050980392,-505.0980392
630,Massachusetts,1988,32,15-19,-19.43921569,-1943.921569
631,Massachusetts,1989,33.375,15-19,-19.55686275,-1955.686275
632,Massachusetts,1990,34.75,15-19,-19.6745098,-1967.45098
633,Massachusetts,1991,36.125,15-19,-19.79215686,-1979.215686
634,Massachusetts,1992,37.5,15-19,-19.90980392,-1990.980392
635,Massachusetts,1993,35.9,15-19,-19.86323529,-1986.323529
636,Massachusetts,1994,34.3,15-19,-19.81666667,-1981.666667
637,Massachusetts,1995,32.7,15-19,-19.77009804,-1977.009804
638,Massachusetts,1996,31.1,15-19,-19.72352941,-1972.352941
639,Massachusetts,1997,29.775,15-19,-19.78235294,-1978.235294
640,Massachusetts,1998,28.45,15-19,-19.84117647,-1984.117647
641,Massachusetts,1999,27.125,15-19,-19.9,-1990
642,Massachusetts,2000,25.8,15-19,-19.95882353,-1995.882353
643,Massachusetts,2001,24.64,15-19,-19.69215686,-1969.215686
644,Massachusetts,2002,23.48,15-19,-19.4254902,-1942.54902
645,Massachusetts,2003,22.32,15-19,-19.15882353,-1915.882353
646,Massachusetts,2004,21.16,15-19,-18.89215686,-1889.215686
647,Massachusetts,2005,20,15-19,-18.6254902,-1862.54902
648,Massachusetts,2006,20.6,15-19,-19.73333333,-1973.333333
649,Massachusetts,2007,21.4,15-19,-19.63333333,-1963.333333
650,Massachusetts,2008,19.8,15-19,-20.27254902,-2027.254902
651,Massachusetts,2009,19.5,15-19,-18.39607843,-1839.607843
652,Massachusetts,2010,17,15-19,-17.35098039,-1735.098039
653,Massachusetts,2011,15.1,15-19,-16.38235294,-1638.235294
654,Massachusetts,2012,14,15-19,-15.69411765,-1569.411765
655,Massachusetts,2013,11.9,15-19,-14.87647059,-1487.647059
656,Massachusetts,2014,10.5,15-19,-14.07843137,-1407.843137
657,Massachusetts,2015,9.4,15-19,-13.36470588,-1336.470588
658,Massachusetts,2016,8.5,15-19,-12.29803922,-1229.803922
659,Massachusetts,2017,8,15-19,-11.25098039,-1125.098039
660,Michigan,1988,47,15-19,-4.439215686,-443.9215686
661,Michigan,1989,49.4,15-19,-3.531862745,-353.1862745
662,Michigan,1990,51.8,15-19,-2.624509804,-262.4509804
663,Michigan,1991,54.2,15-19,-1.717156863,-171.7156863
664,Michigan,1992,56.6,15-19,-0.809803922,-80.98039216
665,Michigan,1993,54.05,15-19,-1.713235294,-171.3235294
666,Michigan,1994,51.5,15-19,-2.616666667,-261.6666667
667,Michigan,1995,48.95,15-19,-3.520098039,-352.0098039
668,Michigan,1996,46.4,15-19,-4.423529412,-442.3529412
669,Michigan,1997,44.825,15-19,-4.732352941,-473.2352941
670,Michigan,1998,43.25,15-19,-5.041176471,-504.1176471
671,Michigan,1999,41.675,15-19,-5.35,-535
672,Michigan,2000,40.1,15-19,-5.658823529,-565.8823529
673,Michigan,2001,38.52,15-19,-5.812156863,-581.2156863
674,Michigan,2002,36.94,15-19,-5.965490196,-596.5490196
675,Michigan,2003,35.36,15-19,-6.118823529,-611.8823529
676,Michigan,2004,33.78,15-19,-6.272156863,-627.2156863
677,Michigan,2005,32.2,15-19,-6.425490196,-642.5490196
678,Michigan,2006,33.2,15-19,-7.133333333,-713.3333333
679,Michigan,2007,33.5,15-19,-7.533333333,-753.3333333
680,Michigan,2008,32.3,15-19,-7.77254902,-777.254902
681,Michigan,2009,31.9,15-19,-5.996078431,-599.6078431
682,Michigan,2010,30.3,15-19,-4.050980392,-405.0980392
683,Michigan,2011,27.7,15-19,-3.782352941,-378.2352941
684,Michigan,2012,26.1,15-19,-3.594117647,-359.4117647
685,Michigan,2013,23.5,15-19,-3.276470588,-327.6470588
686,Michigan,2014,21,15-19,-3.578431373,-357.8431373
687,Michigan,2015,19.3,15-19,-3.464705882,-346.4705882
688,Michigan,2016,17.7,15-19,-3.098039216,-309.8039216
689,Michigan,2017,16.4,15-19,-2.850980392,-285.0980392
690,Minnesota,1988,31.2,15-19,-20.23921569,-2023.921569
691,Minnesota,1989,32.375,15-19,-20.55686275,-2055.686275
692,Minnesota,1990,33.55,15-19,-20.8745098,-2087.45098
693,Minnesota,1991,34.725,15-19,-21.19215686,-2119.215686
694,Minnesota,1992,35.9,15-19,-21.50980392,-2150.980392
695,Minnesota,1993,35,15-19,-20.76323529,-2076.323529
696,Minnesota,1994,34.1,15-19,-20.01666667,-2001.666667
697,Minnesota,1995,33.2,15-19,-19.27009804,-1927.009804
698,Minnesota,1996,32.3,15-19,-18.52352941,-1852.352941
699,Minnesota,1997,31.7,15-19,-17.85735294,-1785.735294
700,Minnesota,1998,31.1,15-19,-17.19117647,-1719.117647
701,Minnesota,1999,30.5,15-19,-16.525,-1652.5
702,Minnesota,2000,29.9,15-19,-15.85882353,-1585.882353
703,Minnesota,2001,29.02,15-19,-15.31215686,-1531.215686
704,Minnesota,2002,28.14,15-19,-14.7654902,-1476.54902
705,Minnesota,2003,27.26,15-19,-14.21882353,-1421.882353
706,Minnesota,2004,26.38,15-19,-13.67215686,-1367.215686
707,Minnesota,2005,25.5,15-19,-13.1254902,-1312.54902
708,Minnesota,2006,27.3,15-19,-13.03333333,-1303.333333
709,Minnesota,2007,27.9,15-19,-13.13333333,-1313.333333
710,Minnesota,2008,26.5,15-19,-13.57254902,-1357.254902
711,Minnesota,2009,24.1,15-19,-13.79607843,-1379.607843
712,Minnesota,2010,22.5,15-19,-11.85098039,-1185.098039
713,Minnesota,2011,19.3,15-19,-12.18235294,-1218.235294
714,Minnesota,2012,18.6,15-19,-11.09411765,-1109.411765
715,Minnesota,2013,16.8,15-19,-9.976470588,-997.6470588
716,Minnesota,2014,15.5,15-19,-9.078431373,-907.8431373
717,Minnesota,2015,13.7,15-19,-9.064705882,-906.4705882
718,Minnesota,2016,12.6,15-19,-8.198039216,-819.8039216
719,Minnesota,2017,12.1,15-19,-7.150980392,-715.0980392
720,Mississippi,1988,74,15-19,22.56078431,2256.078431
721,Mississippi,1989,76.4,15-19,23.46813725,2346.813725
722,Mississippi,1990,78.8,15-19,24.3754902,2437.54902
723,Mississippi,1991,81.2,15-19,25.28284314,2528.284314
724,Mississippi,1992,83.6,15-19,26.19019608,2619.019608
725,Mississippi,1993,81.2,15-19,25.43676471,2543.676471
726,Mississippi,1994,78.8,15-19,24.68333333,2468.333333
727,Mississippi,1995,76.4,15-19,23.92990196,2392.990196
728,Mississippi,1996,74,15-19,23.17647059,2317.647059
729,Mississippi,1997,73.025,15-19,23.46764706,2346.764706
730,Mississippi,1998,72.05,15-19,23.75882353,2375.882353
731,Mississippi,1999,71.075,15-19,24.05,2405
732,Mississippi,2000,70.1,15-19,24.34117647,2434.117647
733,Mississippi,2001,67.74,15-19,23.40784314,2340.784314
734,Mississippi,2002,65.38,15-19,22.4745098,2247.45098
735,Mississippi,2003,63.02,15-19,21.54117647,2154.117647
736,Mississippi,2004,60.66,15-19,20.60784314,2060.784314
737,Mississippi,2005,58.3,15-19,19.6745098,1967.45098
738,Mississippi,2006,67.2,15-19,26.86666667,2686.666667
739,Mississippi,2007,70.1,15-19,29.06666667,2906.666667
740,Mississippi,2008,64,15-19,23.92745098,2392.745098
741,Mississippi,2009,62.2,15-19,24.30392157,2430.392157
742,Mississippi,2010,55.4,15-19,21.04901961,2104.901961
743,Mississippi,2011,50.5,15-19,19.01764706,1901.764706
744,Mississippi,2012,46,15-19,16.30588235,1630.588235
745,Mississippi,2013,42.2,15-19,15.42352941,1542.352941
746,Mississippi,2014,37.8,15-19,13.22156863,1322.156863
747,Mississippi,2015,34.7,15-19,11.93529412,1193.529412
748,Mississippi,2016,32.6,15-19,11.80196078,1180.196078
749,Mississippi,2017,30.9,15-19,11.64901961,1164.901961
750,Missouri,1988,55.5,15-19,4.060784314,406.0784314
751,Missouri,1989,57.4,15-19,4.468137255,446.8137255
752,Missouri,1990,59.3,15-19,4.875490196,487.5490196
753,Missouri,1991,61.2,15-19,5.282843137,528.2843137
754,Missouri,1992,63.1,15-19,5.690196078,569.0196078
755,Missouri,1993,60.625,15-19,4.861764706,486.1764706
756,Missouri,1994,58.15,15-19,4.033333333,403.3333333
757,Missouri,1995,55.675,15-19,3.204901961,320.4901961
758,Missouri,1996,53.2,15-19,2.376470588,237.6470588
759,Missouri,1997,52.025,15-19,2.467647059,246.7647059
760,Missouri,1998,50.85,15-19,2.558823529,255.8823529
761,Missouri,1999,49.675,15-19,2.65,265
762,Missouri,2000,48.5,15-19,2.741176471,274.1176471
763,Missouri,2001,47.14,15-19,2.807843137,280.7843137
764,Missouri,2002,45.78,15-19,2.874509804,287.4509804
765,Missouri,2003,44.42,15-19,2.941176471,294.1176471
766,Missouri,2004,43.06,15-19,3.007843137,300.7843137
767,Missouri,2005,41.7,15-19,3.074509804,307.4509804
768,Missouri,2006,44.1,15-19,3.766666667,376.6666667
769,Missouri,2007,44,15-19,2.966666667,296.6666667
770,Missouri,2008,43.5,15-19,3.42745098,342.745098
771,Missouri,2009,40.6,15-19,2.703921569,270.3921569
772,Missouri,2010,37.2,15-19,2.849019608,284.9019608
773,Missouri,2011,34.6,15-19,3.117647059,311.7647059
774,Missouri,2012,32.2,15-19,2.505882353,250.5882353
775,Missouri,2013,30,15-19,3.223529412,322.3529412
776,Missouri,2014,27.3,15-19,2.721568627,272.1568627
777,Missouri,2015,25.2,15-19,2.435294118,243.5294118
778,Missouri,2016,23.4,15-19,2.601960784,260.1960784
779,Missouri,2017,22.5,15-19,3.249019608,324.9019608
780,Montana,1988,40.2,15-19,-11.23921569,-1123.921569
781,Montana,1989,41.65,15-19,-11.28186275,-1128.186275
782,Montana,1990,43.1,15-19,-11.3245098,-1132.45098
783,Montana,1991,44.55,15-19,-11.36715686,-1136.715686
784,Montana,1992,46,15-19,-11.40980392,-1140.980392
785,Montana,1993,44.325,15-19,-11.43823529,-1143.823529
786,Montana,1994,42.65,15-19,-11.46666667,-1146.666667
787,Montana,1995,40.975,15-19,-11.49509804,-1149.509804
788,Montana,1996,39.3,15-19,-11.52352941,-1152.352941
789,Montana,1997,38.625,15-19,-10.93235294,-1093.235294
790,Montana,1998,37.95,15-19,-10.34117647,-1034.117647
791,Montana,1999,37.275,15-19,-9.75,-975
792,Montana,2000,36.6,15-19,-9.158823529,-915.8823529
793,Montana,2001,36.18,15-19,-8.152156863,-815.2156863
794,Montana,2002,35.76,15-19,-7.145490196,-714.5490196
795,Montana,2003,35.34,15-19,-6.138823529,-613.8823529
796,Montana,2004,34.92,15-19,-5.132156863,-513.2156863
797,Montana,2005,34.5,15-19,-4.125490196,-412.5490196
798,Montana,2006,37.6,15-19,-2.733333333,-273.3333333
799,Montana,2007,35.3,15-19,-5.733333333,-573.3333333
800,Montana,2008,38.9,15-19,-1.17254902,-117.254902
801,Montana,2009,38.4,15-19,0.503921569,50.39215686
802,Montana,2010,35.1,15-19,0.749019608,74.90196078
803,Montana,2011,29.3,15-19,-2.182352941,-218.2352941
804,Montana,2012,28.8,15-19,-0.894117647,-89.41176471
805,Montana,2013,27.8,15-19,1.023529412,102.3529412
806,Montana,2014,26.6,15-19,2.021568627,202.1568627
807,Montana,2015,25.5,15-19,2.735294118,273.5294118
808,Montana,2016,23.7,15-19,2.901960784,290.1960784
809,Montana,2017,21.1,15-19,1.849019608,184.9019608
810,Nebraska,1988,38.5,15-19,-12.93921569,-1293.921569
811,Nebraska,1989,39.15,15-19,-13.78186275,-1378.186275
812,Nebraska,1990,39.8,15-19,-14.6245098,-1462.45098
813,Nebraska,1991,40.45,15-19,-15.46715686,-1546.715686
814,Nebraska,1992,41.1,15-19,-16.30980392,-1630.980392
815,Nebraska,1993,40.55,15-19,-15.21323529,-1521.323529
816,Nebraska,1994,40,15-19,-14.11666667,-1411.666667
817,Nebraska,1995,39.45,15-19,-13.02009804,-1302.009804
818,Nebraska,1996,38.9,15-19,-11.92352941,-1192.352941
819,Nebraska,1997,38.575,15-19,-10.98235294,-1098.235294
820,Nebraska,1998,38.25,15-19,-10.04117647,-1004.117647
821,Nebraska,1999,37.925,15-19,-9.1,-910
822,Nebraska,2000,37.6,15-19,-8.158823529,-815.8823529
823,Nebraska,2001,36.7,15-19,-7.632156863,-763.2156863
824,Nebraska,2002,35.8,15-19,-7.105490196,-710.5490196
825,Nebraska,2003,34.9,15-19,-6.578823529,-657.8823529
826,Nebraska,2004,34,15-19,-6.052156863,-605.2156863
827,Nebraska,2005,33.1,15-19,-5.525490196,-552.5490196
828,Nebraska,2006,32.8,15-19,-7.533333333,-753.3333333
829,Nebraska,2007,35.5,15-19,-5.533333333,-553.3333333
830,Nebraska,2008,35.8,15-19,-4.27254902,-427.254902
831,Nebraska,2009,34.8,15-19,-3.096078431,-309.6078431
832,Nebraska,2010,31.1,15-19,-3.250980392,-325.0980392
833,Nebraska,2011,27.4,15-19,-4.082352941,-408.2352941
834,Nebraska,2012,26.7,15-19,-2.994117647,-299.4117647
835,Nebraska,2013,24.9,15-19,-1.876470588,-187.6470588
836,Nebraska,2014,22.3,15-19,-2.278431373,-227.8431373
837,Nebraska,2015,22.1,15-19,-0.664705882,-66.47058824
838,Nebraska,2016,19.2,15-19,-1.598039216,-159.8039216
839,Nebraska,2017,18.2,15-19,-1.050980392,-105.0980392
840,Nevada,1988,64,15-19,12.56078431,1256.078431
841,Nevada,1989,65.65,15-19,12.71813725,1271.813725
842,Nevada,1990,67.3,15-19,12.8754902,1287.54902
843,Nevada,1991,68.95,15-19,13.03284314,1303.284314
844,Nevada,1992,70.6,15-19,13.19019608,1319.019608
845,Nevada,1993,70.325,15-19,14.56176471,1456.176471
846,Nevada,1994,70.05,15-19,15.93333333,1593.333333
847,Nevada,1995,69.775,15-19,17.30490196,1730.490196
848,Nevada,1996,69.5,15-19,18.67647059,1867.647059
849,Nevada,1997,67.7,15-19,18.14264706,1814.264706
850,Nevada,1998,65.9,15-19,17.60882353,1760.882353
851,Nevada,1999,64.1,15-19,17.075,1707.5
852,Nevada,2000,62.3,15-19,16.54117647,1654.117647
853,Nevada,2001,60.16,15-19,15.82784314,1582.784314
854,Nevada,2002,58.02,15-19,15.1145098,1511.45098
855,Nevada,2003,55.88,15-19,14.40117647,1440.117647
856,Nevada,2004,53.74,15-19,13.68784314,1368.784314
857,Nevada,2005,51.6,15-19,12.9745098,1297.45098
858,Nevada,2006,53.4,15-19,13.06666667,1306.666667
859,Nevada,2007,51.7,15-19,10.66666667,1066.666667
860,Nevada,2008,49.1,15-19,9.02745098,902.745098
861,Nevada,2009,44,15-19,6.103921569,610.3921569
862,Nevada,2010,39,15-19,4.649019608,464.9019608
863,Nevada,2011,36,15-19,4.517647059,451.7647059
864,Nevada,2012,33.8,15-19,4.105882353,410.5882353
865,Nevada,2013,30.8,15-19,4.023529412,402.3529412
866,Nevada,2014,28.9,15-19,4.321568627,432.1568627
867,Nevada,2015,27.8,15-19,5.035294118,503.5294118
868,Nevada,2016,24.2,15-19,3.401960784,340.1960784
869,Nevada,2017,22,15-19,2.749019608,274.9019608
870,New Hampshire,1988,32.6,15-19,-18.83921569,-1883.921569
871,New Hampshire,1989,32.275,15-19,-20.65686275,-2065.686275
872,New Hampshire,1990,31.95,15-19,-22.4745098,-2247.45098
873,New Hampshire,1991,31.625,15-19,-24.29215686,-2429.215686
874,New Hampshire,1992,31.3,15-19,-26.10980392,-2610.980392
875,New Hampshire,1993,30.525,15-19,-25.23823529,-2523.823529
876,New Hampshire,1994,29.75,15-19,-24.36666667,-2436.666667
877,New Hampshire,1995,28.975,15-19,-23.49509804,-2349.509804
878,New Hampshire,1996,28.2,15-19,-22.62352941,-2262.352941
879,New Hampshire,1997,26.975,15-19,-22.58235294,-2258.235294
880,New Hampshire,1998,25.75,15-19,-22.54117647,-2254.117647
881,New Hampshire,1999,24.525,15-19,-22.5,-2250
882,New Hampshire,2000,23.3,15-19,-22.45882353,-2245.882353
883,New Hampshire,2001,22.24,15-19,-22.09215686,-2209.215686
884,New Hampshire,2002,21.18,15-19,-21.7254902,-2172.54902
885,New Hampshire,2003,20.12,15-19,-21.35882353,-2135.882353
886,New Hampshire,2004,19.06,15-19,-20.99215686,-2099.215686
887,New Hampshire,2005,18,15-19,-20.6254902,-2062.54902
888,New Hampshire,2006,18.1,15-19,-22.23333333,-2223.333333
889,New Hampshire,2007,19.3,15-19,-21.73333333,-2173.333333
890,New Hampshire,2008,19.1,15-19,-20.97254902,-2097.254902
891,New Hampshire,2009,16.4,15-19,-21.49607843,-2149.607843
892,New Hampshire,2010,15.7,15-19,-18.65098039,-1865.098039
893,New Hampshire,2011,13.6,15-19,-17.88235294,-1788.235294
894,New Hampshire,2012,13.8,15-19,-15.89411765,-1589.411765
895,New Hampshire,2013,12.5,15-19,-14.27647059,-1427.647059
896,New Hampshire,2014,11,15-19,-13.57843137,-1357.843137
897,New Hampshire,2015,10.9,15-19,-11.86470588,-1186.470588
898,New Hampshire,2016,9.2,15-19,-11.59803922,-1159.803922
899,New Hampshire,2017,8.4,15-19,-10.85098039,-1085.098039
900,New Jersey,1988,37.9,15-19,-13.53921569,-1353.921569
901,New Jersey,1989,38.15,15-19,-14.78186275,-1478.186275
902,New Jersey,1990,38.4,15-19,-16.0245098,-1602.45098
903,New Jersey,1991,38.65,15-19,-17.26715686,-1726.715686
904,New Jersey,1992,38.9,15-19,-18.50980392,-1850.980392
905,New Jersey,1993,37.975,15-19,-17.78823529,-1778.823529
906,New Jersey,1994,37.05,15-19,-17.06666667,-1706.666667
907,New Jersey,1995,36.125,15-19,-16.34509804,-1634.509804
908,New Jersey,1996,35.2,15-19,-15.62352941,-1562.352941
909,New Jersey,1997,34.35,15-19,-15.20735294,-1520.735294
910,New Jersey,1998,33.5,15-19,-14.79117647,-1479.117647
911,New Jersey,1999,32.65,15-19,-14.375,-1437.5
912,New Jersey,2000,31.8,15-19,-13.95882353,-1395.882353
913,New Jersey,2001,30.28,15-19,-14.05215686,-1405.215686
914,New Jersey,2002,28.76,15-19,-14.1454902,-1414.54902
915,New Jersey,2003,27.24,15-19,-14.23882353,-1423.882353
916,New Jersey,2004,25.72,15-19,-14.33215686,-1433.215686
917,New Jersey,2005,24.2,15-19,-14.4254902,-1442.54902
918,New Jersey,2006,24.8,15-19,-15.53333333,-1553.333333
919,New Jersey,2007,24.9,15-19,-16.13333333,-1613.333333
920,New Jersey,2008,24,15-19,-16.07254902,-1607.254902
921,New Jersey,2009,22,15-19,-15.89607843,-1589.607843
922,New Jersey,2010,20,15-19,-14.35098039,-1435.098039
923,New Jersey,2011,18.6,15-19,-12.88235294,-1288.235294
924,New Jersey,2012,16.7,15-19,-12.99411765,-1299.411765
925,New Jersey,2013,14.9,15-19,-11.87647059,-1187.647059
926,New Jersey,2014,13.2,15-19,-11.37843137,-1137.843137
927,New Jersey,2015,12.2,15-19,-10.56470588,-1056.470588
928,New Jersey,2016,11.2,15-19,-9.598039216,-959.8039216
929,New Jersey,2017,10.4,15-19,-8.850980392,-885.0980392
930,New Mexico,1988,72.4,15-19,20.96078431,2096.078431
931,New Mexico,1989,74.225,15-19,21.29313725,2129.313725
932,New Mexico,1990,76.05,15-19,21.6254902,2162.54902
933,New Mexico,1991,77.875,15-19,21.95784314,2195.784314
934,New Mexico,1992,79.7,15-19,22.29019608,2229.019608
935,New Mexico,1993,77.4,15-19,21.63676471,2163.676471
936,New Mexico,1994,75.1,15-19,20.98333333,2098.333333
937,New Mexico,1995,72.8,15-19,20.32990196,2032.990196
938,New Mexico,1996,70.5,15-19,19.67647059,1967.647059
939,New Mexico,1997,69.25,15-19,19.69264706,1969.264706
940,New Mexico,1998,68,15-19,19.70882353,1970.882353
941,New Mexico,1999,66.75,15-19,19.725,1972.5
942,New Mexico,2000,65.5,15-19,19.74117647,1974.117647
943,New Mexico,2001,64.64,15-19,20.30784314,2030.784314
944,New Mexico,2002,63.78,15-19,20.8745098,2087.45098
945,New Mexico,2003,62.92,15-19,21.44117647,2144.117647
946,New Mexico,2004,62.06,15-19,22.00784314,2200.784314
947,New Mexico,2005,61.2,15-19,22.5745098,2257.45098
948,New Mexico,2006,62.7,15-19,22.36666667,2236.666667
949,New Mexico,2007,63.9,15-19,22.86666667,2286.666667
950,New Mexico,2008,61.4,15-19,21.32745098,2132.745098
951,New Mexico,2009,60.3,15-19,22.40392157,2240.392157
952,New Mexico,2010,53.2,15-19,18.84901961,1884.901961
953,New Mexico,2011,48.3,15-19,16.81764706,1681.764706
954,New Mexico,2012,46.8,15-19,17.10588235,1710.588235
955,New Mexico,2013,43,15-19,16.22352941,1622.352941
956,New Mexico,2014,37.3,15-19,12.72156863,1272.156863
957,New Mexico,2015,34.1,15-19,11.33529412,1133.529412
958,New Mexico,2016,29.6,15-19,8.801960784,880.1960784
959,New Mexico,2017,27.9,15-19,8.649019608,864.9019608
960,New York,1988,39.6,15-19,-11.83921569,-1183.921569
961,New York,1989,40.825,15-19,-12.10686275,-1210.686275
962,New York,1990,42.05,15-19,-12.3745098,-1237.45098
963,New York,1991,43.275,15-19,-12.64215686,-1264.215686
964,New York,1992,44.5,15-19,-12.90980392,-1290.980392
965,New York,1993,43.35,15-19,-12.41323529,-1241.323529
966,New York,1994,42.2,15-19,-11.91666667,-1191.666667
967,New York,1995,41.05,15-19,-11.42009804,-1142.009804
968,New York,1996,39.9,15-19,-10.92352941,-1092.352941
969,New York,1997,38.225,15-19,-11.33235294,-1133.235294
970,New York,1998,36.55,15-19,-11.74117647,-1174.117647
971,New York,1999,34.875,15-19,-12.15,-1215
972,New York,2000,33.2,15-19,-12.55882353,-1255.882353
973,New York,2001,31.7,15-19,-12.63215686,-1263.215686
974,New York,2002,30.2,15-19,-12.7054902,-1270.54902
975,New York,2003,28.7,15-19,-12.77882353,-1277.882353
976,New York,2004,27.2,15-19,-12.85215686,-1285.215686
977,New York,2005,25.7,15-19,-12.9254902,-1292.54902
978,New York,2006,26,15-19,-14.33333333,-1433.333333
979,New York,2007,26,15-19,-15.03333333,-1503.333333
980,New York,2008,25.5,15-19,-14.57254902,-1457.254902
981,New York,2009,24.2,15-19,-13.69607843,-1369.607843
982,New York,2010,22.8,15-19,-11.55098039,-1155.098039
983,New York,2011,21.1,15-19,-10.38235294,-1038.235294
984,New York,2012,19.7,15-19,-9.994117647,-999.4117647
985,New York,2013,17.7,15-19,-9.076470588,-907.6470588
986,New York,2014,16.2,15-19,-8.378431373,-837.8431373
987,New York,2015,14.8,15-19,-7.964705882,-796.4705882
988,New York,2016,13.4,15-19,-7.398039216,-739.8039216
989,New York,2017,12.7,15-19,-6.550980392,-655.0980392
990,North Carolina,1988,60.9,15-19,9.460784314,946.0784314
991,North Carolina,1989,62.975,15-19,10.04313725,1004.313725
992,North Carolina,1990,65.05,15-19,10.6254902,1062.54902
993,North Carolina,1991,67.125,15-19,11.20784314,1120.784314
994,North Carolina,1992,69.2,15-19,11.79019608,1179.019608
995,North Carolina,1993,67.475,15-19,11.71176471,1171.176471
996,North Carolina,1994,65.75,15-19,11.63333333,1163.333333
997,North Carolina,1995,64.025,15-19,11.55490196,1155.490196
998,North Carolina,1996,62.3,15-19,11.47647059,1147.647059
999,North Carolina,1997,61.375,15-19,11.81764706,1181.764706
1000,North Carolina,1998,60.45,15-19,12.15882353,1215.882353
1001,North Carolina,1999,59.525,15-19,12.5,1250
1002,North Carolina,2000,58.6,15-19,12.84117647,1284.117647
1003,North Carolina,2001,56.28,15-19,11.94784314,1194.784314
1004,North Carolina,2002,53.96,15-19,11.0545098,1105.45098
1005,North Carolina,2003,51.64,15-19,10.16117647,1016.117647
1006,North Carolina,2004,49.32,15-19,9.267843137,926.7843137
1007,North Carolina,2005,47,15-19,8.374509804,837.4509804
1008,North Carolina,2006,48.1,15-19,7.766666667,776.6666667
1009,North Carolina,2007,48,15-19,6.966666667,696.6666667
1010,North Carolina,2008,47.3,15-19,7.22745098,722.745098
1011,North Carolina,2009,43.7,15-19,5.803921569,580.3921569
1012,North Carolina,2010,38.3,15-19,3.949019608,394.9019608
1013,North Carolina,2011,34.8,15-19,3.317647059,331.7647059
1014,North Carolina,2012,31.8,15-19,2.105882353,210.5882353
1015,North Carolina,2013,28.4,15-19,1.623529412,162.3529412
1016,North Carolina,2014,26,15-19,1.421568627,142.1568627
1017,North Carolina,2015,23.6,15-19,0.835294118,83.52941176
1018,North Carolina,2016,21.7,15-19,0.901960784,90.19607843
1019,North Carolina,2017,20.5,15-19,1.249019608,124.9019608
1020,North Dakota,1988,32.3,15-19,-19.13921569,-1913.921569
1021,North Dakota,1989,33.45,15-19,-19.48186275,-1948.186275
1022,North Dakota,1990,34.6,15-19,-19.8245098,-1982.45098
1023,North Dakota,1991,35.75,15-19,-20.16715686,-2016.715686
1024,North Dakota,1992,36.9,15-19,-20.50980392,-2050.980392
1025,North Dakota,1993,35.575,15-19,-20.18823529,-2018.823529
1026,North Dakota,1994,34.25,15-19,-19.86666667,-1986.666667
1027,North Dakota,1995,32.925,15-19,-19.54509804,-1954.509804
1028,North Dakota,1996,31.6,15-19,-19.22352941,-1922.352941
1029,North Dakota,1997,30.525,15-19,-19.03235294,-1903.235294
1030,North Dakota,1998,29.45,15-19,-18.84117647,-1884.117647
1031,North Dakota,1999,28.375,15-19,-18.65,-1865
1032,North Dakota,2000,27.3,15-19,-18.45882353,-1845.882353
1033,North Dakota,2001,27.24,15-19,-17.09215686,-1709.215686
1034,North Dakota,2002,27.18,15-19,-15.7254902,-1572.54902
1035,North Dakota,2003,27.12,15-19,-14.35882353,-1435.882353
1036,North Dakota,2004,27.06,15-19,-12.99215686,-1299.215686
1037,North Dakota,2005,27,15-19,-11.6254902,-1162.54902
1038,North Dakota,2006,26.1,15-19,-14.23333333,-1423.333333
1039,North Dakota,2007,29.2,15-19,-11.83333333,-1183.333333
1040,North Dakota,2008,28.3,15-19,-11.77254902,-1177.254902
1041,North Dakota,2009,28.7,15-19,-9.196078431,-919.6078431
1042,North Dakota,2010,28.9,15-19,-5.450980392,-545.0980392
1043,North Dakota,2011,28.4,15-19,-3.082352941,-308.2352941
1044,North Dakota,2012,26.5,15-19,-3.194117647,-319.4117647
1045,North Dakota,2013,24.4,15-19,-2.376470588,-237.6470588
1046,North Dakota,2014,24.4,15-19,-0.178431373,-17.84313725
1047,North Dakota,2015,22.7,15-19,-0.064705882,-6.470588235
1048,North Dakota,2016,20.5,15-19,-0.298039216,-29.80392157
1049,North Dakota,2017,16.3,15-19,-2.950980392,-295.0980392
1050,Ohio,1988,51.8,15-19,0.360784314,36.07843137
1051,Ohio,1989,53.35,15-19,0.418137255,41.81372549
1052,Ohio,1990,54.9,15-19,0.475490196,47.54901961
1053,Ohio,1991,56.45,15-19,0.532843137,53.28431373
1054,Ohio,1992,58,15-19,0.590196078,59.01960784
1055,Ohio,1993,56.1,15-19,0.336764706,33.67647059
1056,Ohio,1994,54.2,15-19,0.083333333,8.333333333
1057,Ohio,1995,52.3,15-19,-0.170098039,-17.00980392
1058,Ohio,1996,50.4,15-19,-0.423529412,-42.35294118
1059,Ohio,1997,49.3,15-19,-0.257352941,-25.73529412
1060,Ohio,1998,48.2,15-19,-0.091176471,-9.117647059
1061,Ohio,1999,47.1,15-19,0.075,7.5
1062,Ohio,2000,46,15-19,0.241176471,24.11764706
1063,Ohio,2001,44.46,15-19,0.127843137,12.78431373
1064,Ohio,2002,42.92,15-19,0.014509804,1.450980392
1065,Ohio,2003,41.38,15-19,-0.098823529,-9.882352941
1066,Ohio,2004,39.84,15-19,-0.212156863,-21.21568627
1067,Ohio,2005,38.3,15-19,-0.325490196,-32.54901961
1068,Ohio,2006,38.9,15-19,-1.433333333,-143.3333333
1069,Ohio,2007,39.9,15-19,-1.133333333,-113.3333333
1070,Ohio,2008,39.5,15-19,-0.57254902,-57.25490196
1071,Ohio,2009,37.9,15-19,0.003921569,0.392156863
1072,Ohio,2010,34.3,15-19,-0.050980392,-5.098039216
1073,Ohio,2011,31.4,15-19,-0.082352941,-8.235294118
1074,Ohio,2012,29.7,15-19,0.005882353,0.588235294
1075,Ohio,2013,27.2,15-19,0.423529412,42.35294118
1076,Ohio,2014,25.1,15-19,0.521568627,52.15686275
1077,Ohio,2015,23.3,15-19,0.535294118,53.52941176
1078,Ohio,2016,21.7,15-19,0.901960784,90.19607843
1079,Ohio,2017,20.8,15-19,1.549019608,154.9019608
1080,Oklahoma,1988,63.5,15-19,12.06078431,1206.078431
1081,Oklahoma,1989,65.075,15-19,12.14313725,1214.313725
1082,Oklahoma,1990,66.65,15-19,12.2254902,1222.54902
1083,Oklahoma,1991,68.225,15-19,12.30784314,1230.784314
1084,Oklahoma,1992,69.8,15-19,12.39019608,1239.019608
1085,Oklahoma,1993,68.125,15-19,12.36176471,1236.176471
1086,Oklahoma,1994,66.45,15-19,12.33333333,1233.333333
1087,Oklahoma,1995,64.775,15-19,12.30490196,1230.490196
1088,Oklahoma,1996,63.1,15-19,12.27647059,1227.647059
1089,Oklahoma,1997,62.225,15-19,12.66764706,1266.764706
1090,Oklahoma,1998,61.35,15-19,13.05882353,1305.882353
1091,Oklahoma,1999,60.475,15-19,13.45,1345
1092,Oklahoma,2000,59.6,15-19,13.84117647,1384.117647
1093,Oklahoma,2001,58.24,15-19,13.90784314,1390.784314
1094,Oklahoma,2002,56.88,15-19,13.9745098,1397.45098
1095,Oklahoma,2003,55.52,15-19,14.04117647,1404.117647
1096,Oklahoma,2004,54.16,15-19,14.10784314,1410.784314
1097,Oklahoma,2005,52.8,15-19,14.1745098,1417.45098
1098,Oklahoma,2006,56.6,15-19,16.26666667,1626.666667
1099,Oklahoma,2007,58.5,15-19,17.46666667,1746.666667
1100,Oklahoma,2008,57.8,15-19,17.72745098,1772.745098
1101,Oklahoma,2009,57.4,15-19,19.50392157,1950.392157
1102,Oklahoma,2010,50.7,15-19,16.34901961,1634.901961
1103,Oklahoma,2011,48,15-19,16.51764706,1651.764706
1104,Oklahoma,2012,47.3,15-19,17.60588235,1760.588235
1105,Oklahoma,2013,42.9,15-19,16.12352941,1612.352941
1106,Oklahoma,2014,38.6,15-19,14.02156863,1402.156863
1107,Oklahoma,2015,34.7,15-19,11.93529412,1193.529412
1108,Oklahoma,2016,33.3,15-19,12.50196078,1250.196078
1109,Oklahoma,2017,29.7,15-19,10.44901961,1044.901961
1110,Oregon,1988,47.9,15-19,-3.539215686,-353.9215686
1111,Oregon,1989,49.175,15-19,-3.756862745,-375.6862745
1112,Oregon,1990,50.45,15-19,-3.974509804,-397.4509804
1113,Oregon,1991,51.725,15-19,-4.192156863,-419.2156863
1114,Oregon,1992,53,15-19,-4.409803922,-440.9803922
1115,Oregon,1993,52.375,15-19,-3.388235294,-338.8235294
1116,Oregon,1994,51.75,15-19,-2.366666667,-236.6666667
1117,Oregon,1995,51.125,15-19,-1.345098039,-134.5098039
1118,Oregon,1996,50.5,15-19,-0.323529412,-32.35294118
1119,Oregon,1997,48.55,15-19,-1.007352941,-100.7352941
1120,Oregon,1998,46.6,15-19,-1.691176471,-169.1176471
1121,Oregon,1999,44.65,15-19,-2.375,-237.5
1122,Oregon,2000,42.7,15-19,-3.058823529,-305.8823529
1123,Oregon,2001,40.7,15-19,-3.632156863,-363.2156863
1124,Oregon,2002,38.7,15-19,-4.205490196,-420.5490196
1125,Oregon,2003,36.7,15-19,-4.778823529,-477.8823529
1126,Oregon,2004,34.7,15-19,-5.352156863,-535.2156863
1127,Oregon,2005,32.7,15-19,-5.925490196,-592.5490196
1128,Oregon,2006,34.5,15-19,-5.833333333,-583.3333333
1129,Oregon,2007,34.5,15-19,-6.533333333,-653.3333333
1130,Oregon,2008,35.6,15-19,-4.47254902,-447.254902
1131,Oregon,2009,32.5,15-19,-5.396078431,-539.6078431
1132,Oregon,2010,28.3,15-19,-6.050980392,-605.0980392
1133,Oregon,2011,25.8,15-19,-5.682352941,-568.2352941
1134,Oregon,2012,23.7,15-19,-5.994117647,-599.4117647
1135,Oregon,2013,21.8,15-19,-4.976470588,-497.6470588
1136,Oregon,2014,20.1,15-19,-4.478431373,-447.8431373
1137,Oregon,2015,19.2,15-19,-3.564705882,-356.4705882
1138,Oregon,2016,16.7,15-19,-4.098039216,-409.8039216
1139,Oregon,2017,15.1,15-19,-4.150980392,-415.0980392
1140,Pennsylvania,1988,41.3,15-19,-10.13921569,-1013.921569
1141,Pennsylvania,1989,42.175,15-19,-10.75686275,-1075.686275
1142,Pennsylvania,1990,43.05,15-19,-11.3745098,-1137.45098
1143,Pennsylvania,1991,43.925,15-19,-11.99215686,-1199.215686
1144,Pennsylvania,1992,44.8,15-19,-12.60980392,-1260.980392
1145,Pennsylvania,1993,43.2,15-19,-12.56323529,-1256.323529
1146,Pennsylvania,1994,41.6,15-19,-12.51666667,-1251.666667
1147,Pennsylvania,1995,40,15-19,-12.47009804,-1247.009804
1148,Pennsylvania,1996,38.4,15-19,-12.42352941,-1242.352941
1149,Pennsylvania,1997,37.3,15-19,-12.25735294,-1225.735294
1150,Pennsylvania,1998,36.2,15-19,-12.09117647,-1209.117647
1151,Pennsylvania,1999,35.1,15-19,-11.925,-1192.5
1152,Pennsylvania,2000,34,15-19,-11.75882353,-1175.882353
1153,Pennsylvania,2001,33.04,15-19,-11.29215686,-1129.215686
1154,Pennsylvania,2002,32.08,15-19,-10.8254902,-1082.54902
1155,Pennsylvania,2003,31.12,15-19,-10.35882353,-1035.882353
1156,Pennsylvania,2004,30.16,15-19,-9.892156863,-989.2156863
1157,Pennsylvania,2005,29.2,15-19,-9.425490196,-942.5490196
1158,Pennsylvania,2006,30.4,15-19,-9.933333333,-993.3333333
1159,Pennsylvania,2007,30.7,15-19,-10.33333333,-1033.333333
1160,Pennsylvania,2008,30.4,15-19,-9.67254902,-967.254902
1161,Pennsylvania,2009,28.7,15-19,-9.196078431,-919.6078431
1162,Pennsylvania,2010,27.1,15-19,-7.250980392,-725.0980392
1163,Pennsylvania,2011,25,15-19,-6.482352941,-648.2352941
1164,Pennsylvania,2012,23.7,15-19,-5.994117647,-599.4117647
1165,Pennsylvania,2013,20.8,15-19,-5.976470588,-597.6470588
1166,Pennsylvania,2014,19.3,15-19,-5.278431373,-527.8431373
1167,Pennsylvania,2015,17.8,15-19,-4.964705882,-496.4705882
1168,Pennsylvania,2016,15.9,15-19,-4.898039216,-489.8039216
1169,Pennsylvania,2017,14.8,15-19,-4.450980392,-445.0980392
1170,Rhode Island,1988,38.3,15-19,-13.13921569,-1313.921569
1171,Rhode Island,1989,40.275,15-19,-12.65686275,-1265.686275
1172,Rhode Island,1990,42.25,15-19,-12.1745098,-1217.45098
1173,Rhode Island,1991,44.225,15-19,-11.69215686,-1169.215686
1174,Rhode Island,1992,46.2,15-19,-11.20980392,-1120.980392
1175,Rhode Island,1993,44.375,15-19,-11.38823529,-1138.823529
1176,Rhode Island,1994,42.55,15-19,-11.56666667,-1156.666667
1177,Rhode Island,1995,40.725,15-19,-11.74509804,-1174.509804
1178,Rhode Island,1996,38.9,15-19,-11.92352941,-1192.352941
1179,Rhode Island,1997,37.55,15-19,-12.00735294,-1200.735294
1180,Rhode Island,1998,36.2,15-19,-12.09117647,-1209.117647
1181,Rhode Island,1999,34.85,15-19,-12.175,-1217.5
1182,Rhode Island,2000,33.5,15-19,-12.25882353,-1225.882353
1183,Rhode Island,2001,32.36,15-19,-11.97215686,-1197.215686
1184,Rhode Island,2002,31.22,15-19,-11.6854902,-1168.54902
1185,Rhode Island,2003,30.08,15-19,-11.39882353,-1139.882353
1186,Rhode Island,2004,28.94,15-19,-11.11215686,-1111.215686
1187,Rhode Island,2005,27.8,15-19,-10.8254902,-1082.54902
1188,Rhode Island,2006,27.5,15-19,-12.83333333,-1283.333333
1189,Rhode Island,2007,29.2,15-19,-11.83333333,-1183.333333
1190,Rhode Island,2008,27.6,15-19,-12.47254902,-1247.254902
1191,Rhode Island,2009,25.8,15-19,-12.09607843,-1209.607843
1192,Rhode Island,2010,22.4,15-19,-11.95098039,-1195.098039
1193,Rhode Island,2011,21.3,15-19,-10.18235294,-1018.235294
1194,Rhode Island,2012,19.8,15-19,-9.894117647,-989.4117647
1195,Rhode Island,2013,17.5,15-19,-9.276470588,-927.6470588
1196,Rhode Island,2014,15.8,15-19,-8.778431373,-877.8431373
1197,Rhode Island,2015,14.3,15-19,-8.464705882,-846.4705882
1198,Rhode Island,2016,13,15-19,-7.798039216,-779.8039216
1199,Rhode Island,2017,11.4,15-19,-7.850980392,-785.0980392
1200,South Carolina,1988,65.1,15-19,13.66078431,1366.078431
1201,South Carolina,1989,66.25,15-19,13.31813725,1331.813725
1202,South Carolina,1990,67.4,15-19,12.9754902,1297.54902
1203,South Carolina,1991,68.55,15-19,12.63284314,1263.284314
1204,South Carolina,1992,69.7,15-19,12.29019608,1229.019608
1205,South Carolina,1993,67.325,15-19,11.56176471,1156.176471
1206,South Carolina,1994,64.95,15-19,10.83333333,1083.333333
1207,South Carolina,1995,62.575,15-19,10.10490196,1010.490196
1208,South Carolina,1996,60.2,15-19,9.376470588,937.6470588
1209,South Carolina,1997,59.6,15-19,10.04264706,1004.264706
1210,South Carolina,1998,59,15-19,10.70882353,1070.882353
1211,South Carolina,1999,58.4,15-19,11.375,1137.5
1212,South Carolina,2000,57.8,15-19,12.04117647,1204.117647
1213,South Carolina,2001,55.98,15-19,11.64784314,1164.784314
1214,South Carolina,2002,54.16,15-19,11.2545098,1125.45098
1215,South Carolina,2003,52.34,15-19,10.86117647,1086.117647
1216,South Carolina,2004,50.52,15-19,10.46784314,1046.784314
1217,South Carolina,2005,48.7,15-19,10.0745098,1007.45098
1218,South Carolina,2006,52,15-19,11.66666667,1166.666667
1219,South Carolina,2007,51.9,15-19,10.86666667,1086.666667
1220,South Carolina,2008,51.2,15-19,11.12745098,1112.745098
1221,South Carolina,2009,47,15-19,9.103921569,910.3921569
1222,South Carolina,2010,42.9,15-19,8.549019608,854.9019608
1223,South Carolina,2011,38.9,15-19,7.417647059,741.7647059
1224,South Carolina,2012,36.4,15-19,6.705882353,670.5882353
1225,South Carolina,2013,31.7,15-19,4.923529412,492.3529412
1226,South Carolina,2014,28.5,15-19,3.921568627,392.1568627
1227,South Carolina,2015,26.2,15-19,3.435294118,343.5294118
1228,South Carolina,2016,23.7,15-19,2.901960784,290.1960784
1229,South Carolina,2017,21.7,15-19,2.449019608,244.9019608
1230,South Dakota,1988,46.1,15-19,-5.339215686,-533.9215686
1231,South Dakota,1989,46.65,15-19,-6.281862745,-628.1862745
1232,South Dakota,1990,47.2,15-19,-7.224509804,-722.4509804
1233,South Dakota,1991,47.75,15-19,-8.167156863,-816.7156863
1234,South Dakota,1992,48.3,15-19,-9.109803922,-910.9803922
1235,South Dakota,1993,46.25,15-19,-9.513235294,-951.3235294
1236,South Dakota,1994,44.2,15-19,-9.916666667,-991.6666667
1237,South Dakota,1995,42.15,15-19,-10.32009804,-1032.009804
1238,South Dakota,1996,40.1,15-19,-10.72352941,-1072.352941
1239,South Dakota,1997,39.575,15-19,-9.982352941,-998.2352941
1240,South Dakota,1998,39.05,15-19,-9.241176471,-924.1176471
1241,South Dakota,1999,38.525,15-19,-8.5,-850
1242,South Dakota,2000,38,15-19,-7.758823529,-775.8823529
1243,South Dakota,2001,37.76,15-19,-6.572156863,-657.2156863
1244,South Dakota,2002,37.52,15-19,-5.385490196,-538.5490196
1245,South Dakota,2003,37.28,15-19,-4.198823529,-419.8823529
1246,South Dakota,2004,37.04,15-19,-3.012156863,-301.2156863
1247,South Dakota,2005,36.8,15-19,-1.825490196,-182.5490196
1248,South Dakota,2006,38.7,15-19,-1.633333333,-163.3333333
1249,South Dakota,2007,41.3,15-19,0.266666667,26.66666667
1250,South Dakota,2008,39.1,15-19,-0.97254902,-97.25490196
1251,South Dakota,2009,38.7,15-19,0.803921569,80.39215686
1252,South Dakota,2010,34.8,15-19,0.449019608,44.90196078
1253,South Dakota,2011,34.4,15-19,2.917647059,291.7647059
1254,South Dakota,2012,33.5,15-19,3.805882353,380.5882353
1255,South Dakota,2013,29.6,15-19,2.823529412,282.3529412
1256,South Dakota,2014,26.8,15-19,2.221568627,222.1568627
1257,South Dakota,2015,26.5,15-19,3.735294118,373.5294118
1258,South Dakota,2016,24.9,15-19,4.101960784,410.1960784
1259,South Dakota,2017,22.3,15-19,3.049019608,304.9019608
1260,Tennessee,1988,64.3,15-19,12.86078431,1286.078431
1261,Tennessee,1989,65.95,15-19,13.01813725,1301.813725
1262,Tennessee,1990,67.6,15-19,13.1754902,1317.54902
1263,Tennessee,1991,69.25,15-19,13.33284314,1333.284314
1264,Tennessee,1992,70.9,15-19,13.49019608,1349.019608
1265,Tennessee,1993,69.3,15-19,13.53676471,1353.676471
1266,Tennessee,1994,67.7,15-19,13.58333333,1358.333333
1267,Tennessee,1995,66.1,15-19,13.62990196,1362.990196
1268,Tennessee,1996,64.5,15-19,13.67647059,1367.647059
1269,Tennessee,1997,63.2,15-19,13.64264706,1364.264706
1270,Tennessee,1998,61.9,15-19,13.60882353,1360.882353
1271,Tennessee,1999,60.6,15-19,13.575,1357.5
1272,Tennessee,2000,59.3,15-19,13.54117647,1354.117647
1273,Tennessee,2001,58.1,15-19,13.76784314,1376.784314
1274,Tennessee,2002,56.9,15-19,13.9945098,1399.45098
1275,Tennessee,2003,55.7,15-19,14.22117647,1422.117647
1276,Tennessee,2004,54.5,15-19,14.44784314,1444.784314
1277,Tennessee,2005,53.3,15-19,14.6745098,1467.45098
1278,Tennessee,2006,52.1,15-19,11.76666667,1176.666667
1279,Tennessee,2007,53.4,15-19,12.36666667,1236.666667
1280,Tennessee,2008,52.2,15-19,12.12745098,1212.745098
1281,Tennessee,2009,48.4,15-19,10.50392157,1050.392157
1282,Tennessee,2010,43.5,15-19,9.149019608,914.9019608
1283,Tennessee,2011,40.8,15-19,9.317647059,931.7647059
1284,Tennessee,2012,38.4,15-19,8.705882353,870.5882353
1285,Tennessee,2013,34.8,15-19,8.023529412,802.3529412
1286,Tennessee,2014,33.2,15-19,8.621568627,862.1568627
1287,Tennessee,2015,30.6,15-19,7.835294118,783.5294118
1288,Tennessee,2016,27.9,15-19,7.101960784,710.1960784
1289,Tennessee,2017,26.6,15-19,7.349019608,734.9019608
1290,Texas,1988,69.1,15-19,17.66078431,1766.078431
1291,Texas,1989,71.375,15-19,18.44313725,1844.313725
1292,Texas,1990,73.65,15-19,19.2254902,1922.54902
1293,Texas,1991,75.925,15-19,20.00784314,2000.784314
1294,Texas,1992,78.2,15-19,20.79019608,2079.019608
1295,Texas,1993,76.925,15-19,21.16176471,2116.176471
1296,Texas,1994,75.65,15-19,21.53333333,2153.333333
1297,Texas,1995,74.375,15-19,21.90490196,2190.490196
1298,Texas,1996,73.1,15-19,22.27647059,2227.647059
1299,Texas,1997,71.95,15-19,22.39264706,2239.264706
1300,Texas,1998,70.8,15-19,22.50882353,2250.882353
1301,Texas,1999,69.65,15-19,22.625,2262.5
1302,Texas,2000,68.5,15-19,22.74117647,2274.117647
1303,Texas,2001,66.98,15-19,22.64784314,2264.784314
1304,Texas,2002,65.46,15-19,22.5545098,2255.45098
1305,Texas,2003,63.94,15-19,22.46117647,2246.117647
1306,Texas,2004,62.42,15-19,22.36784314,2236.784314
1307,Texas,2005,60.9,15-19,22.2745098,2227.45098
1308,Texas,2006,61.6,15-19,21.26666667,2126.666667
1309,Texas,2007,61.8,15-19,20.76666667,2076.666667
1310,Texas,2008,60.7,15-19,20.62745098,2062.745098
1311,Texas,2009,57.9,15-19,20.00392157,2000.392157
1312,Texas,2010,52.2,15-19,17.84901961,1784.901961
1313,Texas,2011,46.8,15-19,15.31764706,1531.764706
1314,Texas,2012,44.2,15-19,14.50588235,1450.588235
1315,Texas,2013,40.7,15-19,13.92352941,1392.352941
1316,Texas,2014,37.6,15-19,13.02156863,1302.156863
1317,Texas,2015,34.4,15-19,11.63529412,1163.529412
1318,Texas,2016,30.7,15-19,9.901960784,990.1960784
1319,Texas,2017,27.5,15-19,8.249019608,824.9019608
1320,Utah,1988,46,15-19,-5.439215686,-543.9215686
1321,Utah,1989,45.925,15-19,-7.006862745,-700.6862745
1322,Utah,1990,45.85,15-19,-8.574509804,-857.4509804
1323,Utah,1991,45.775,15-19,-10.14215686,-1014.215686
1324,Utah,1992,45.7,15-19,-11.70980392,-1170.980392
1325,Utah,1993,44.575,15-19,-11.18823529,-1118.823529
1326,Utah,1994,43.45,15-19,-10.66666667,-1066.666667
1327,Utah,1995,42.325,15-19,-10.14509804,-1014.509804
1328,Utah,1996,41.2,15-19,-9.623529412,-962.3529412
1329,Utah,1997,40.4,15-19,-9.157352941,-915.7352941
1330,Utah,1998,39.6,15-19,-8.691176471,-869.1176471
1331,Utah,1999,38.8,15-19,-8.225,-822.5
1332,Utah,2000,38,15-19,-7.758823529,-775.8823529
1333,Utah,2001,36.5,15-19,-7.832156863,-783.2156863
1334,Utah,2002,35,15-19,-7.905490196,-790.5490196
1335,Utah,2003,33.5,15-19,-7.978823529,-797.8823529
1336,Utah,2004,32,15-19,-8.052156863,-805.2156863
1337,Utah,2005,30.5,15-19,-8.125490196,-812.5490196
1338,Utah,2006,33.3,15-19,-7.033333333,-703.3333333
1339,Utah,2007,35.4,15-19,-5.633333333,-563.3333333
1340,Utah,2008,34.6,15-19,-5.47254902,-547.254902
1341,Utah,2009,30.7,15-19,-7.196078431,-719.6078431
1342,Utah,2010,28,15-19,-6.350980392,-635.0980392
1343,Utah,2011,23.8,15-19,-7.682352941,-768.2352941
1344,Utah,2012,23.3,15-19,-6.394117647,-639.4117647
1345,Utah,2013,20.8,15-19,-5.976470588,-597.6470588
1346,Utah,2014,19.6,15-19,-4.978431373,-497.8431373
1347,Utah,2015,17.9,15-19,-4.864705882,-486.4705882
1348,Utah,2016,15.7,15-19,-5.098039216,-509.8039216
1349,Utah,2017,15.1,15-19,-4.150980392,-415.0980392
1350,Vermont,1988,33.6,15-19,-17.83921569,-1783.921569
1351,Vermont,1989,34.1,15-19,-18.83186275,-1883.186275
1352,Vermont,1990,34.6,15-19,-19.8245098,-1982.45098
1353,Vermont,1991,35.1,15-19,-20.81715686,-2081.715686
1354,Vermont,1992,35.6,15-19,-21.80980392,-2180.980392
1355,Vermont,1993,34.075,15-19,-21.68823529,-2168.823529
1356,Vermont,1994,32.55,15-19,-21.56666667,-2156.666667
1357,Vermont,1995,31.025,15-19,-21.44509804,-2144.509804
1358,Vermont,1996,29.5,15-19,-21.32352941,-2132.352941
1359,Vermont,1997,27.975,15-19,-21.58235294,-2158.235294
1360,Vermont,1998,26.45,15-19,-21.84117647,-2184.117647
1361,Vermont,1999,24.925,15-19,-22.1,-2210
1362,Vermont,2000,23.4,15-19,-22.35882353,-2235.882353
1363,Vermont,2001,22.2,15-19,-22.13215686,-2213.215686
1364,Vermont,2002,21,15-19,-21.9054902,-2190.54902
1365,Vermont,2003,19.8,15-19,-21.67882353,-2167.882353
1366,Vermont,2004,18.6,15-19,-21.45215686,-2145.215686
1367,Vermont,2005,17.4,15-19,-21.2254902,-2122.54902
1368,Vermont,2006,19.8,15-19,-20.53333333,-2053.333333
1369,Vermont,2007,21,15-19,-20.03333333,-2003.333333
1370,Vermont,2008,20.3,15-19,-19.77254902,-1977.254902
1371,Vermont,2009,17.3,15-19,-20.59607843,-2059.607843
1372,Vermont,2010,17.9,15-19,-16.45098039,-1645.098039
1373,Vermont,2011,16.7,15-19,-14.78235294,-1478.235294
1374,Vermont,2012,16.2,15-19,-13.49411765,-1349.411765
1375,Vermont,2013,14.5,15-19,-12.27647059,-1227.647059
1376,Vermont,2014,14.3,15-19,-10.27843137,-1027.843137
1377,Vermont,2015,11.5,15-19,-11.26470588,-1126.470588
1378,Vermont,2016,10.2,15-19,-10.59803922,-1059.803922
1379,Vermont,2017,10,15-19,-9.250980392,-925.0980392
1380,Virginia,1988,45.5,15-19,-5.939215686,-593.9215686
1381,Virginia,1989,47.05,15-19,-5.881862745,-588.1862745
1382,Virginia,1990,48.6,15-19,-5.824509804,-582.4509804
1383,Virginia,1991,50.15,15-19,-5.767156863,-576.7156863
1384,Virginia,1992,51.7,15-19,-5.709803922,-570.9803922
1385,Virginia,1993,50.125,15-19,-5.638235294,-563.8235294
1386,Virginia,1994,48.55,15-19,-5.566666667,-556.6666667
1387,Virginia,1995,46.975,15-19,-5.495098039,-549.5098039
1388,Virginia,1996,45.4,15-19,-5.423529412,-542.3529412
1389,Virginia,1997,44.225,15-19,-5.332352941,-533.2352941
1390,Virginia,1998,43.05,15-19,-5.241176471,-524.1176471
1391,Virginia,1999,41.875,15-19,-5.15,-515
1392,Virginia,2000,40.7,15-19,-5.058823529,-505.8823529
1393,Virginia,2001,39.28,15-19,-5.052156863,-505.2156863
1394,Virginia,2002,37.86,15-19,-5.045490196,-504.5490196
1395,Virginia,2003,36.44,15-19,-5.038823529,-503.8823529
1396,Virginia,2004,35.02,15-19,-5.032156863,-503.2156863
1397,Virginia,2005,33.6,15-19,-5.025490196,-502.5490196
1398,Virginia,2006,34.2,15-19,-6.133333333,-613.3333333
1399,Virginia,2007,34.2,15-19,-6.833333333,-683.3333333
1400,Virginia,2008,32.5,15-19,-7.57254902,-757.254902
1401,Virginia,2009,30.4,15-19,-7.496078431,-749.6078431
1402,Virginia,2010,27.4,15-19,-6.950980392,-695.0980392
1403,Virginia,2011,24.5,15-19,-6.982352941,-698.2352941
1404,Virginia,2012,22.9,15-19,-6.794117647,-679.4117647
1405,Virginia,2013,20.1,15-19,-6.676470588,-667.6470588
1406,Virginia,2014,18.5,15-19,-6.078431373,-607.8431373
1407,Virginia,2015,17.1,15-19,-5.664705882,-566.4705882
1408,Virginia,2016,15.5,15-19,-5.298039216,-529.8039216
1409,Virginia,2017,15,15-19,-4.250980392,-425.0980392
1410,Washington,1988,47.1,15-19,-4.339215686,-433.9215686
1411,Washington,1989,48.075,15-19,-4.856862745,-485.6862745
1412,Washington,1990,49.05,15-19,-5.374509804,-537.4509804
1413,Washington,1991,50.025,15-19,-5.892156863,-589.2156863
1414,Washington,1992,51,15-19,-6.409803922,-640.9803922
1415,Washington,1993,49.65,15-19,-6.113235294,-611.3235294
1416,Washington,1994,48.3,15-19,-5.816666667,-581.6666667
1417,Washington,1995,46.95,15-19,-5.520098039,-552.0098039
1418,Washington,1996,45.6,15-19,-5.223529412,-522.3529412
1419,Washington,1997,43.95,15-19,-5.607352941,-560.7352941
1420,Washington,1998,42.3,15-19,-5.991176471,-599.1176471
1421,Washington,1999,40.65,15-19,-6.375,-637.5
1422,Washington,2000,39,15-19,-6.758823529,-675.8823529
1423,Washington,2001,37.42,15-19,-6.912156863,-691.2156863
1424,Washington,2002,35.84,15-19,-7.065490196,-706.5490196
1425,Washington,2003,34.26,15-19,-7.218823529,-721.8823529
1426,Washington,2004,32.68,15-19,-7.372156863,-737.2156863
1427,Washington,2005,31.1,15-19,-7.525490196,-752.5490196
1428,Washington,2006,32.2,15-19,-8.133333333,-813.3333333
1429,Washington,2007,33.3,15-19,-7.733333333,-773.3333333
1430,Washington,2008,32.8,15-19,-7.27254902,-727.254902
1431,Washington,2009,30.4,15-19,-7.496078431,-749.6078431
1432,Washington,2010,26.9,15-19,-7.450980392,-745.0980392
1433,Washington,2011,25.3,15-19,-6.182352941,-618.2352941
1434,Washington,2012,23.3,15-19,-6.394117647,-639.4117647
1435,Washington,2013,20.5,15-19,-6.276470588,-627.6470588
1436,Washington,2014,19.2,15-19,-5.378431373,-537.8431373
1437,Washington,2015,17.6,15-19,-5.164705882,-516.4705882
1438,Washington,2016,16.6,15-19,-4.198039216,-419.8039216
1439,Washington,2017,14.7,15-19,-4.550980392,-455.0980392
1440,West Virginia,1988,49.9,15-19,-1.539215686,-153.9215686
1441,West Virginia,1989,51.5,15-19,-1.431862745,-143.1862745
1442,West Virginia,1990,53.1,15-19,-1.324509804,-132.4509804
1443,West Virginia,1991,54.7,15-19,-1.217156863,-121.7156863
1444,West Virginia,1992,56.3,15-19,-1.109803922,-110.9803922
1445,West Virginia,1993,54.85,15-19,-0.913235294,-91.32352941
1446,West Virginia,1994,53.4,15-19,-0.716666667,-71.66666667
1447,West Virginia,1995,51.95,15-19,-0.520098039,-52.00980392
1448,West Virginia,1996,50.5,15-19,-0.323529412,-32.35294118
1449,West Virginia,1997,49.5,15-19,-0.057352941,-5.735294118
1450,West Virginia,1998,48.5,15-19,0.208823529,20.88235294
1451,West Virginia,1999,47.5,15-19,0.475,47.5
1452,West Virginia,2000,46.5,15-19,0.741176471,74.11764706
1453,West Virginia,2001,45.64,15-19,1.307843137,130.7843137
1454,West Virginia,2002,44.78,15-19,1.874509804,187.4509804
1455,West Virginia,2003,43.92,15-19,2.441176471,244.1176471
1456,West Virginia,2004,43.06,15-19,3.007843137,300.7843137
1457,West Virginia,2005,42.2,15-19,3.574509804,357.4509804
1458,West Virginia,2006,44.2,15-19,3.866666667,386.6666667
1459,West Virginia,2007,45.8,15-19,4.766666667,476.6666667
1460,West Virginia,2008,46.9,15-19,6.82745098,682.745098
1461,West Virginia,2009,48.2,15-19,10.30392157,1030.392157
1462,West Virginia,2010,45.2,15-19,10.84901961,1084.901961
1463,West Virginia,2011,43.9,15-19,12.41764706,1241.764706
1464,West Virginia,2012,43.9,15-19,14.20588235,1420.588235
1465,West Virginia,2013,40.2,15-19,13.42352941,1342.352941
1466,West Virginia,2014,36.6,15-19,12.02156863,1202.156863
1467,West Virginia,2015,32.1,15-19,9.335294118,933.5294118
1468,West Virginia,2016,29.4,15-19,8.601960784,860.1960784
1469,West Virginia,2017,27.1,15-19,7.849019608,784.9019608
1470,Wisconsin,1988,38.3,15-19,-13.13921569,-1313.921569
1471,Wisconsin,1989,39.225,15-19,-13.70686275,-1370.686275
1472,Wisconsin,1990,40.15,15-19,-14.2745098,-1427.45098
1473,Wisconsin,1991,41.075,15-19,-14.84215686,-1484.215686
1474,Wisconsin,1992,42,15-19,-15.40980392,-1540.980392
1475,Wisconsin,1993,40.725,15-19,-15.03823529,-1503.823529
1476,Wisconsin,1994,39.45,15-19,-14.66666667,-1466.666667
1477,Wisconsin,1995,38.175,15-19,-14.29509804,-1429.509804
1478,Wisconsin,1996,36.9,15-19,-13.92352941,-1392.352941
1479,Wisconsin,1997,36.45,15-19,-13.10735294,-1310.735294
1480,Wisconsin,1998,36,15-19,-12.29117647,-1229.117647
1481,Wisconsin,1999,35.55,15-19,-11.475,-1147.5
1482,Wisconsin,2000,35.1,15-19,-10.65882353,-1065.882353
1483,Wisconsin,2001,34.02,15-19,-10.31215686,-1031.215686
1484,Wisconsin,2002,32.94,15-19,-9.965490196,-996.5490196
1485,Wisconsin,2003,31.86,15-19,-9.618823529,-961.8823529
1486,Wisconsin,2004,30.78,15-19,-9.272156863,-927.2156863
1487,Wisconsin,2005,29.7,15-19,-8.925490196,-892.5490196
1488,Wisconsin,2006,29.9,15-19,-10.43333333,-1043.333333
1489,Wisconsin,2007,31.1,15-19,-9.933333333,-993.3333333
1490,Wisconsin,2008,30.3,15-19,-9.77254902,-977.254902
1491,Wisconsin,2009,29.4,15-19,-8.496078431,-849.6078431
1492,Wisconsin,2010,26.2,15-19,-8.150980392,-815.0980392
1493,Wisconsin,2011,23.3,15-19,-8.182352941,-818.2352941
1494,Wisconsin,2012,21.8,15-19,-7.894117647,-789.4117647
1495,Wisconsin,2013,19.5,15-19,-7.276470588,-727.6470588
1496,Wisconsin,2014,18,15-19,-6.578431373,-657.8431373
1497,Wisconsin,2015,16.2,15-19,-6.564705882,-656.4705882
1498,Wisconsin,2016,15,15-19,-5.798039216,-579.8039216
1499,Wisconsin,2017,13.8,15-19,-5.450980392,-545.0980392
1500,Wyoming,1988,49.3,15-19,-2.139215686,-213.9215686
1501,Wyoming,1989,49.425,15-19,-3.506862745,-350.6862745
1502,Wyoming,1990,49.55,15-19,-4.874509804,-487.4509804
1503,Wyoming,1991,49.675,15-19,-6.242156863,-624.2156863
1504,Wyoming,1992,49.8,15-19,-7.609803922,-760.9803922
1505,Wyoming,1993,48.525,15-19,-7.238235294,-723.8235294
1506,Wyoming,1994,47.25,15-19,-6.866666667,-686.6666667
1507,Wyoming,1995,45.975,15-19,-6.495098039,-649.5098039
1508,Wyoming,1996,44.7,15-19,-6.123529412,-612.3529412
1509,Wyoming,1997,43.925,15-19,-5.632352941,-563.2352941
1510,Wyoming,1998,43.15,15-19,-5.141176471,-514.1176471
1511,Wyoming,1999,42.375,15-19,-4.65,-465
1512,Wyoming,2000,41.6,15-19,-4.158823529,-415.8823529
1513,Wyoming,2001,41.82,15-19,-2.512156863,-251.2156863
1514,Wyoming,2002,42.04,15-19,-0.865490196,-86.54901961
1515,Wyoming,2003,42.26,15-19,0.781176471,78.11764706
1516,Wyoming,2004,42.48,15-19,2.427843137,242.7843137
1517,Wyoming,2005,42.7,15-19,4.074509804,407.4509804
1518,Wyoming,2006,46,15-19,5.666666667,566.6666667
1519,Wyoming,2007,49.9,15-19,8.866666667,886.6666667
1520,Wyoming,2008,47.5,15-19,7.42745098,742.745098
1521,Wyoming,2009,43.4,15-19,5.503921569,550.3921569
1522,Wyoming,2010,39.4,15-19,5.049019608,504.9019608
1523,Wyoming,2011,35.2,15-19,3.717647059,371.7647059
1524,Wyoming,2012,34.9,15-19,5.205882353,520.5882353
1525,Wyoming,2013,29.9,15-19,3.123529412,312.3529412
1526,Wyoming,2014,30.8,15-19,6.221568627,622.1568627
1527,Wyoming,2015,28.8,15-19,6.035294118,603.5294118
1528,Wyoming,2016,26.5,15-19,5.701960784,570.1960784
1529,Wyoming,2017,24.5,15-19,5.249019608,524.9019608
