,STATE,YEAR,Pregnancy Rate per 1000 People,AGE,Pregnancy Rate per 1000 People (Adjusted),"Pregnancy Rate per 100,000 People (Adjusted)"
0,Alabama,1988,110.5,15-19,9.718,971.8
1,Alabama,1989,111.975,15-19,11.36,1136
2,Alabama,1990,113.45,15-19,13.002,1300.2
3,Alabama,1991,114.925,15-19,14.644,1464.4
4,Alabama,1992,116.4,15-19,16.286,1628.6
5,Alabama,1993,112.9,15-19,16.174,1617.4
6,Alabama,1994,109.4,15-19,16.062,1606.2
7,Alabama,1995,105.9,15-19,15.95,1595
8,Alabama,1996,102.4,15-19,15.838,1583.8
9,Alabama,1997,99.25,15-19,15.1555,1515.55
10,Alabama,1998,96.1,15-19,14.473,1447.3
11,Alabama,1999,92.95,15-19,13.7905,1379.05
12,Alabama,2000,89.8,15-19,12.22352941,1222.352941
13,Alabama,2001,86,15-19,11.06196078,1106.196078
14,Alabama,2002,82.2,15-19,9.900392157,990.0392157
15,Alabama,2003,78.4,15-19,8.738823529,873.8823529
16,Alabama,2004,74.6,15-19,7.577254902,757.7254902
17,Alabama,2005,70.8,15-19,6.415686275,641.5686275
18,Alabama,2006,75.3,15-19,9.088235294,908.8235294
19,Alabama,2007,74.9,15-19,8.092156863,809.2156863
20,Alabama,2008,73.1,15-19,7.711764706,771.1764706
21,Alabama,2009,69.2,15-19,8.025490196,802.5490196
22,Alabama,2010,62.8,15-19,7.184313725,718.4313725
23,Alabama,2011,58.9,15-19,8.098039216,809.8039216
24,Alabama,2012,55.5,15-19,8.735294118,873.5294118
25,Alabama,2013,48.2,15-19,6.17254902,617.254902
26,Alabama,2014,45.3,15-19,6.949019608,694.9019608
27,Alabama,2015,42.4,15-19,7.103921569,710.3921569
28,Alabama,2016,40,15-19,7.570588235,757.0588235
29,Alabama,2017,38.1,15-19,7.698039216,769.8039216
30,Alaska,1988,106.3,15-19,5.518,551.8
31,Alaska,1989,107.525,15-19,6.91,691
32,Alaska,1990,108.75,15-19,8.302,830.2
33,Alaska,1991,109.975,15-19,9.694,969.4
34,Alaska,1992,111.2,15-19,11.086,1108.6
35,Alaska,1993,103.825,15-19,7.099,709.9
36,Alaska,1994,96.45,15-19,3.112,311.2
37,Alaska,1995,89.075,15-19,-0.875,-87.5
38,Alaska,1996,81.7,15-19,-4.862,-486.2
39,Alaska,1997,79.95,15-19,-4.1445,-414.45
40,Alaska,1998,78.2,15-19,-3.427,-342.7
41,Alaska,1999,76.45,15-19,-2.7095,-270.95
42,Alaska,2000,74.7,15-19,-2.876470588,-287.6470588
43,Alaska,2001,72.8,15-19,-2.138039216,-213.8039216
44,Alaska,2002,70.9,15-19,-1.399607843,-139.9607843
45,Alaska,2003,69,15-19,-0.661176471,-66.11764706
46,Alaska,2004,67.1,15-19,0.077254902,7.725490196
47,Alaska,2005,65.2,15-19,0.815686275,81.56862745
48,Alaska,2006,66.6,15-19,0.388235294,38.82352941
49,Alaska,2007,67.2,15-19,0.392156863,39.21568627
50,Alaska,2008,69.3,15-19,3.911764706,391.1764706
51,Alaska,2009,67.3,15-19,6.125490196,612.5490196
52,Alaska,2010,64.8,15-19,9.184313725,918.4313725
53,Alaska,2011,59.2,15-19,8.398039216,839.8039216
54,Alaska,2012,55,15-19,8.235294118,823.5294118
55,Alaska,2013,47.8,15-19,5.77254902,577.254902
56,Alaska,2014,44.3,15-19,5.949019608,594.9019608
57,Alaska,2015,44.1,15-19,8.803921569,880.3921569
58,Alaska,2016,39.6,15-19,7.170588235,717.0588235
59,Alaska,2017,33.7,15-19,3.298039216,329.8039216
60,Arizona,1988,126.6,15-19,25.818,2581.8
61,Arizona,1989,127.7,15-19,27.085,2708.5
62,Arizona,1990,128.8,15-19,28.352,2835.2
63,Arizona,1991,129.9,15-19,29.619,2961.9
64,Arizona,1992,131,15-19,30.886,3088.6
65,Arizona,1993,127,15-19,30.274,3027.4
66,Arizona,1994,123,15-19,29.662,2966.2
67,Arizona,1995,119,15-19,29.05,2905
68,Arizona,1996,115,15-19,28.438,2843.8
69,Arizona,1997,112.35,15-19,28.2555,2825.55
70,Arizona,1998,109.7,15-19,28.073,2807.3
71,Arizona,1999,107.05,15-19,27.8905,2789.05
72,Arizona,2000,104.4,15-19,26.82352941,2682.352941
73,Arizona,2001,101.52,15-19,26.58196078,2658.196078
74,Arizona,2002,98.64,15-19,26.34039216,2634.039216
75,Arizona,2003,95.76,15-19,26.09882353,2609.882353
76,Arizona,2004,92.88,15-19,25.8572549,2585.72549
77,Arizona,2005,90,15-19,25.61568627,2561.568627
78,Arizona,2006,91.1,15-19,24.88823529,2488.823529
79,Arizona,2007,87.5,15-19,20.69215686,2069.215686
80,Arizona,2008,82.3,15-19,16.91176471,1691.176471
81,Arizona,2009,71.3,15-19,10.1254902,1012.54902
82,Arizona,2010,60.5,15-19,4.884313725,488.4313725
83,Arizona,2011,56.1,15-19,5.298039216,529.8039216
84,Arizona,2012,53,15-19,6.235294118,623.5294118
85,Arizona,2013,46.9,15-19,4.87254902,487.254902
86,Arizona,2014,42.2,15-19,3.849019608,384.9019608
87,Arizona,2015,37.7,15-19,2.403921569,240.3921569
88,Arizona,2016,34.7,15-19,2.270588235,227.0588235
89,Arizona,2017,32.3,15-19,1.898039216,189.8039216
90,Arkansas,1988,115.9,15-19,15.118,1511.8
91,Arkansas,1989,115.75,15-19,15.135,1513.5
92,Arkansas,1990,115.6,15-19,15.152,1515.2
93,Arkansas,1991,115.45,15-19,15.169,1516.9
94,Arkansas,1992,115.3,15-19,15.186,1518.6
95,Arkansas,1993,112.925,15-19,16.199,1619.9
96,Arkansas,1994,110.55,15-19,17.212,1721.2
97,Arkansas,1995,108.175,15-19,18.225,1822.5
98,Arkansas,1996,105.8,15-19,19.238,1923.8
99,Arkansas,1997,102.55,15-19,18.4555,1845.55
100,Arkansas,1998,99.3,15-19,17.673,1767.3
101,Arkansas,1999,96.05,15-19,16.8905,1689.05
102,Arkansas,2000,92.8,15-19,15.22352941,1522.352941
103,Arkansas,2001,90.18,15-19,15.24196078,1524.196078
104,Arkansas,2002,87.56,15-19,15.26039216,1526.039216
105,Arkansas,2003,84.94,15-19,15.27882353,1527.882353
106,Arkansas,2004,82.32,15-19,15.2972549,1529.72549
107,Arkansas,2005,79.7,15-19,15.31568627,1531.568627
108,Arkansas,2006,84.2,15-19,17.98823529,1798.823529
109,Arkansas,2007,83.1,15-19,16.29215686,1629.215686
110,Arkansas,2008,82.5,15-19,17.11176471,1711.176471
111,Arkansas,2009,79.5,15-19,18.3254902,1832.54902
112,Arkansas,2010,72.9,15-19,17.28431373,1728.431373
113,Arkansas,2011,68.1,15-19,17.29803922,1729.803922
114,Arkansas,2012,61.8,15-19,15.03529412,1503.529412
115,Arkansas,2013,58.2,15-19,16.17254902,1617.254902
116,Arkansas,2014,52.7,15-19,14.34901961,1434.901961
117,Arkansas,2015,50.2,15-19,14.90392157,1490.392157
118,Arkansas,2016,45.9,15-19,13.47058824,1347.058824
119,Arkansas,2017,43.8,15-19,13.39803922,1339.803922
120,California,1988,152.5,15-19,51.718,5171.8
121,California,1989,153.425,15-19,52.81,5281
122,California,1990,154.35,15-19,53.902,5390.2
123,California,1991,155.275,15-19,54.994,5499.4
124,California,1992,156.2,15-19,56.086,5608.6
125,California,1993,148.25,15-19,51.524,5152.4
126,California,1994,140.3,15-19,46.962,4696.2
127,California,1995,132.35,15-19,42.4,4240
128,California,1996,124.4,15-19,37.838,3783.8
129,California,1997,117.375,15-19,33.2805,3328.05
130,California,1998,110.35,15-19,28.723,2872.3
131,California,1999,103.325,15-19,24.1655,2416.55
132,California,2000,96.3,15-19,18.72352941,1872.352941
133,California,2001,92.12,15-19,17.18196078,1718.196078
134,California,2002,87.94,15-19,15.64039216,1564.039216
135,California,2003,83.76,15-19,14.09882353,1409.882353
136,California,2004,79.58,15-19,12.5572549,1255.72549
137,California,2005,75.4,15-19,11.01568627,1101.568627
138,California,2006,77,15-19,10.78823529,1078.823529
139,California,2007,77.2,15-19,10.39215686,1039.215686
140,California,2008,73,15-19,7.611764706,761.1764706
141,California,2009,66.9,15-19,5.725490196,572.5490196
142,California,2010,60.3,15-19,4.684313725,468.4313725
143,California,2011,54.2,15-19,3.398039216,339.8039216
144,California,2012,49.4,15-19,2.635294118,263.5294118
145,California,2013,44.1,15-19,2.07254902,207.254902
146,California,2014,39.4,15-19,1.049019608,104.9019608
147,California,2015,35.3,15-19,0.003921569,0.392156863
148,California,2016,31.7,15-19,-0.729411765,-72.94117647
149,California,2017,28.7,15-19,-1.701960784,-170.1960784
150,Colorado,1988,100.6,15-19,-0.182,-18.2
151,Colorado,1989,103.2,15-19,2.585,258.5
152,Colorado,1990,105.8,15-19,5.352,535.2
153,Colorado,1991,108.4,15-19,8.119,811.9
154,Colorado,1992,111,15-19,10.886,1088.6
155,Colorado,1993,106.575,15-19,9.849,984.9
156,Colorado,1994,102.15,15-19,8.812,881.2
157,Colorado,1995,97.725,15-19,7.775,777.5
158,Colorado,1996,93.3,15-19,6.738,673.8
159,Colorado,1997,90.45,15-19,6.3555,635.55
160,Colorado,1998,87.6,15-19,5.973,597.3
161,Colorado,1999,84.75,15-19,5.5905,559.05
162,Colorado,2000,81.9,15-19,4.323529412,432.3529412
163,Colorado,2001,79.2,15-19,4.261960784,426.1960784
164,Colorado,2002,76.5,15-19,4.200392157,420.0392157
165,Colorado,2003,73.8,15-19,4.138823529,413.8823529
166,Colorado,2004,71.1,15-19,4.077254902,407.7254902
167,Colorado,2005,68.4,15-19,4.015686275,401.5686275
168,Colorado,2006,68.3,15-19,2.088235294,208.8235294
169,Colorado,2007,68.6,15-19,1.792156863,179.2156863
170,Colorado,2008,66.2,15-19,0.811764706,81.17647059
171,Colorado,2009,60.8,15-19,-0.374509804,-37.45098039
172,Colorado,2010,53.9,15-19,-1.715686275,-171.5686275
173,Colorado,2011,46.8,15-19,-4.001960784,-400.1960784
174,Colorado,2012,41.1,15-19,-5.664705882,-566.4705882
175,Colorado,2013,37.1,15-19,-4.92745098,-492.745098
176,Colorado,2014,32.8,15-19,-5.550980392,-555.0980392
177,Colorado,2015,30.9,15-19,-4.396078431,-439.6078431
178,Colorado,2016,28.3,15-19,-4.129411765,-412.9411765
179,Colorado,2017,26.2,15-19,-4.201960784,-420.1960784
180,Connecticut,1988,102.8,15-19,2.018,201.8
181,Connecticut,1989,100.925,15-19,0.31,31
182,Connecticut,1990,99.05,15-19,-1.398,-139.8
183,Connecticut,1991,97.175,15-19,-3.106,-310.6
184,Connecticut,1992,95.3,15-19,-4.814,-481.4
185,Connecticut,1993,92.6,15-19,-4.126,-412.6
186,Connecticut,1994,89.9,15-19,-3.438,-343.8
187,Connecticut,1995,87.2,15-19,-2.75,-275
188,Connecticut,1996,84.5,15-19,-2.062,-206.2
189,Connecticut,1997,81,15-19,-3.0945,-309.45
190,Connecticut,1998,77.5,15-19,-4.127,-412.7
191,Connecticut,1999,74,15-19,-5.1595,-515.95
192,Connecticut,2000,70.5,15-19,-7.076470588,-707.6470588
193,Connecticut,2001,67.86,15-19,-7.078039216,-707.8039216
194,Connecticut,2002,65.22,15-19,-7.079607843,-707.9607843
195,Connecticut,2003,62.58,15-19,-7.081176471,-708.1176471
196,Connecticut,2004,59.94,15-19,-7.082745098,-708.2745098
197,Connecticut,2005,57.3,15-19,-7.084313725,-708.4313725
198,Connecticut,2006,58.6,15-19,-7.611764706,-761.1764706
199,Connecticut,2007,57.7,15-19,-9.107843137,-910.7843137
200,Connecticut,2008,55.7,15-19,-9.688235294,-968.8235294
201,Connecticut,2009,50.8,15-19,-10.3745098,-1037.45098
202,Connecticut,2010,44.1,15-19,-11.51568627,-1151.568627
203,Connecticut,2011,37.8,15-19,-13.00196078,-1300.196078
204,Connecticut,2012,33.4,15-19,-13.36470588,-1336.470588
205,Connecticut,2013,29.5,15-19,-12.52745098,-1252.745098
206,Connecticut,2014,26.7,15-19,-11.65098039,-1165.098039
207,Connecticut,2015,23.9,15-19,-11.39607843,-1139.607843
208,Connecticut,2016,21.4,15-19,-11.02941176,-1102.941176
209,Connecticut,2017,20.8,15-19,-9.601960784,-960.1960784
210,Delaware,1988,117.6,15-19,16.818,1681.8
211,Delaware,1989,117.75,15-19,17.135,1713.5
212,Delaware,1990,117.9,15-19,17.452,1745.2
213,Delaware,1991,118.05,15-19,17.769,1776.9
214,Delaware,1992,118.2,15-19,18.086,1808.6
215,Delaware,1993,111.325,15-19,14.599,1459.9
216,Delaware,1994,104.45,15-19,11.112,1111.2
217,Delaware,1995,97.575,15-19,7.625,762.5
218,Delaware,1996,90.7,15-19,4.138,413.8
219,Delaware,1997,90.95,15-19,6.8555,685.55
220,Delaware,1998,91.2,15-19,9.573,957.3
221,Delaware,1999,91.45,15-19,12.2905,1229.05
222,Delaware,2000,91.7,15-19,14.12352941,1412.352941
223,Delaware,2001,88.44,15-19,13.50196078,1350.196078
224,Delaware,2002,85.18,15-19,12.88039216,1288.039216
225,Delaware,2003,81.92,15-19,12.25882353,1225.882353
226,Delaware,2004,78.66,15-19,11.6372549,1163.72549
227,Delaware,2005,75.4,15-19,11.01568627,1101.568627
228,Delaware,2006,79.8,15-19,13.58823529,1358.823529
229,Delaware,2007,84.7,15-19,17.89215686,1789.215686
230,Delaware,2008,81.9,15-19,16.51176471,1651.176471
231,Delaware,2009,69.1,15-19,7.925490196,792.5490196
232,Delaware,2010,67.9,15-19,12.28431373,1228.431373
233,Delaware,2011,59.9,15-19,9.098039216,909.8039216
234,Delaware,2012,48.6,15-19,1.835294118,183.5294118
235,Delaware,2013,46,15-19,3.97254902,397.254902
236,Delaware,2014,39.9,15-19,1.549019608,154.9019608
237,Delaware,2015,35.2,15-19,-0.096078431,-9.607843137
238,Delaware,2016,35.6,15-19,3.170588235,317.0588235
239,Delaware,2017,31.5,15-19,1.098039216,109.8039216
240,District of Columbia,1988,,15-19,,0
241,District of Columbia,1989,,15-19,,0
242,District of Columbia,1990,,15-19,,0
243,District of Columbia,1991,,15-19,,0
244,District of Columbia,1992,,15-19,,0
245,District of Columbia,1993,,15-19,,0
246,District of Columbia,1994,,15-19,,0
247,District of Columbia,1995,,15-19,,0
248,District of Columbia,1996,,15-19,,0
249,District of Columbia,1997,,15-19,,0
250,District of Columbia,1998,,15-19,,0
251,District of Columbia,1999,,15-19,,0
252,District of Columbia,2000,121.8,15-19,44.22352941,4422.352941
253,District of Columbia,2001,119.48,15-19,44.54196078,4454.196078
254,District of Columbia,2002,117.16,15-19,44.86039216,4486.039216
255,District of Columbia,2003,114.84,15-19,45.17882353,4517.882353
256,District of Columbia,2004,112.52,15-19,45.4972549,4549.72549
257,District of Columbia,2005,110.2,15-19,45.81568627,4581.568627
258,District of Columbia,2006,112.7,15-19,46.48823529,4648.823529
259,District of Columbia,2007,104.6,15-19,37.79215686,3779.215686
260,District of Columbia,2008,112.9,15-19,47.51176471,4751.176471
261,District of Columbia,2009,100.2,15-19,39.0254902,3902.54902
262,District of Columbia,2010,90.6,15-19,34.98431373,3498.431373
263,District of Columbia,2011,79.5,15-19,28.69803922,2869.803922
264,District of Columbia,2012,69.1,15-19,22.33529412,2233.529412
265,District of Columbia,2013,67.5,15-19,25.47254902,2547.254902
266,District of Columbia,2014,58.7,15-19,20.34901961,2034.901961
267,District of Columbia,2015,47.7,15-19,12.40392157,1240.392157
268,District of Columbia,2016,42.3,15-19,9.870588235,987.0588235
269,District of Columbia,2017,47.3,15-19,16.89803922,1689.803922
270,Florida,1988,131.1,15-19,30.318,3031.8
271,Florida,1989,129.4,15-19,28.785,2878.5
272,Florida,1990,127.7,15-19,27.252,2725.2
273,Florida,1991,126,15-19,25.719,2571.9
274,Florida,1992,124.3,15-19,24.186,2418.6
275,Florida,1993,121.6,15-19,24.874,2487.4
276,Florida,1994,118.9,15-19,25.562,2556.2
277,Florida,1995,116.2,15-19,26.25,2625
278,Florida,1996,113.5,15-19,26.938,2693.8
279,Florida,1997,109.625,15-19,25.5305,2553.05
280,Florida,1998,105.75,15-19,24.123,2412.3
281,Florida,1999,101.875,15-19,22.7155,2271.55
282,Florida,2000,98,15-19,20.42352941,2042.352941
283,Florida,2001,93.98,15-19,19.04196078,1904.196078
284,Florida,2002,89.96,15-19,17.66039216,1766.039216
285,Florida,2003,85.94,15-19,16.27882353,1627.882353
286,Florida,2004,81.92,15-19,14.8972549,1489.72549
287,Florida,2005,77.9,15-19,13.51568627,1351.568627
288,Florida,2006,78.4,15-19,12.18823529,1218.823529
289,Florida,2007,78.4,15-19,11.59215686,1159.215686
290,Florida,2008,73.4,15-19,8.011764706,801.1764706
291,Florida,2009,67.8,15-19,6.625490196,662.5490196
292,Florida,2010,60.9,15-19,5.284313725,528.4313725
293,Florida,2011,56.1,15-19,5.298039216,529.8039216
294,Florida,2012,51.8,15-19,5.035294118,503.5294118
295,Florida,2013,45.7,15-19,3.67254902,367.254902
296,Florida,2014,41.6,15-19,3.249019608,324.9019608
297,Florida,2015,37.8,15-19,2.503921569,250.3921569
298,Florida,2016,34.7,15-19,2.270588235,227.0588235
299,Florida,2017,31.8,15-19,1.398039216,139.8039216
300,Georgia,1988,121.1,15-19,20.318,2031.8
301,Georgia,1989,122.375,15-19,21.76,2176
302,Georgia,1990,123.65,15-19,23.202,2320.2
303,Georgia,1991,124.925,15-19,24.644,2464.4
304,Georgia,1992,126.2,15-19,26.086,2608.6
305,Georgia,1993,121.7,15-19,24.974,2497.4
306,Georgia,1994,117.2,15-19,23.862,2386.2
307,Georgia,1995,112.7,15-19,22.75,2275
308,Georgia,1996,108.2,15-19,21.638,2163.8
309,Georgia,1997,104.925,15-19,20.8305,2083.05
310,Georgia,1998,101.65,15-19,20.023,2002.3
311,Georgia,1999,98.375,15-19,19.2155,1921.55
312,Georgia,2000,95.1,15-19,17.52352941,1752.352941
313,Georgia,2001,91.8,15-19,16.86196078,1686.196078
314,Georgia,2002,88.5,15-19,16.20039216,1620.039216
315,Georgia,2003,85.2,15-19,15.53882353,1553.882353
316,Georgia,2004,81.9,15-19,14.8772549,1487.72549
317,Georgia,2005,78.6,15-19,14.21568627,1421.568627
318,Georgia,2006,80,15-19,13.78823529,1378.823529
319,Georgia,2007,80.6,15-19,13.79215686,1379.215686
320,Georgia,2008,78.2,15-19,12.81176471,1281.176471
321,Georgia,2009,72.9,15-19,11.7254902,1172.54902
322,Georgia,2010,64.4,15-19,8.784313725,878.4313725
323,Georgia,2011,59.5,15-19,8.698039216,869.8039216
324,Georgia,2012,52.9,15-19,6.135294118,613.5294118
325,Georgia,2013,47.4,15-19,5.37254902,537.254902
326,Georgia,2014,43.8,15-19,5.449019608,544.9019608
327,Georgia,2015,39.7,15-19,4.403921569,440.3921569
328,Georgia,2016,36.8,15-19,4.370588235,437.0588235
329,Georgia,2017,34.5,15-19,4.098039216,409.8039216
330,Hawaii,1988,131.3,15-19,30.518,3051.8
331,Hawaii,1989,133.425,15-19,32.81,3281
332,Hawaii,1990,135.55,15-19,35.102,3510.2
333,Hawaii,1991,137.675,15-19,37.394,3739.4
334,Hawaii,1992,139.8,15-19,39.686,3968.6
335,Hawaii,1993,130.55,15-19,33.824,3382.4
336,Hawaii,1994,121.3,15-19,27.962,2796.2
337,Hawaii,1995,112.05,15-19,22.1,2210
338,Hawaii,1996,102.8,15-19,16.238,1623.8
339,Hawaii,1997,100.35,15-19,16.2555,1625.55
340,Hawaii,1998,97.9,15-19,16.273,1627.3
341,Hawaii,1999,95.45,15-19,16.2905,1629.05
342,Hawaii,2000,93,15-19,15.42352941,1542.352941
343,Hawaii,2001,88.68,15-19,13.74196078,1374.196078
344,Hawaii,2002,84.36,15-19,12.06039216,1206.039216
345,Hawaii,2003,80.04,15-19,10.37882353,1037.882353
346,Hawaii,2004,75.72,15-19,8.697254902,869.7254902
347,Hawaii,2005,71.4,15-19,7.015686275,701.5686275
348,Hawaii,2006,75.9,15-19,9.688235294,968.8235294
349,Hawaii,2007,75.8,15-19,8.992156863,899.2156863
350,Hawaii,2008,76.6,15-19,11.21176471,1121.176471
351,Hawaii,2009,70.6,15-19,9.425490196,942.5490196
352,Hawaii,2010,65.5,15-19,9.884313725,988.4313725
353,Hawaii,2011,61.1,15-19,10.29803922,1029.803922
354,Hawaii,2012,53.8,15-19,7.035294118,703.5294118
355,Hawaii,2013,44.7,15-19,2.67254902,267.254902
356,Hawaii,2014,40.7,15-19,2.349019608,234.9019608
357,Hawaii,2015,35.5,15-19,0.203921569,20.39215686
358,Hawaii,2016,32.4,15-19,-0.029411765,-2.941176471
359,Hawaii,2017,31.9,15-19,1.498039216,149.8039216
360,Idaho,1988,75.4,15-19,-25.382,-2538.2
361,Idaho,1989,75.875,15-19,-24.74,-2474
362,Idaho,1990,76.35,15-19,-24.098,-2409.8
363,Idaho,1991,76.825,15-19,-23.456,-2345.6
364,Idaho,1992,77.3,15-19,-22.814,-2281.4
365,Idaho,1993,75.35,15-19,-21.376,-2137.6
366,Idaho,1994,73.4,15-19,-19.938,-1993.8
367,Idaho,1995,71.45,15-19,-18.5,-1850
368,Idaho,1996,69.5,15-19,-17.062,-1706.2
369,Idaho,1997,67.65,15-19,-16.4445,-1644.45
370,Idaho,1998,65.8,15-19,-15.827,-1582.7
371,Idaho,1999,63.95,15-19,-15.2095,-1520.95
372,Idaho,2000,62.1,15-19,-15.47647059,-1547.647059
373,Idaho,2001,60.32,15-19,-14.61803922,-1461.803922
374,Idaho,2002,58.54,15-19,-13.75960784,-1375.960784
375,Idaho,2003,56.76,15-19,-12.90117647,-1290.117647
376,Idaho,2004,54.98,15-19,-12.0427451,-1204.27451
377,Idaho,2005,53.2,15-19,-11.18431373,-1118.431373
378,Idaho,2006,56.7,15-19,-9.511764706,-951.1764706
379,Idaho,2007,59,15-19,-7.807843137,-780.7843137
380,Idaho,2008,56.8,15-19,-8.588235294,-858.8235294
381,Idaho,2009,51.3,15-19,-9.874509804,-987.4509804
382,Idaho,2010,47.4,15-19,-8.215686275,-821.5686275
383,Idaho,2011,40.7,15-19,-10.10196078,-1010.196078
384,Idaho,2012,40.7,15-19,-6.064705882,-606.4705882
385,Idaho,2013,35.4,15-19,-6.62745098,-662.745098
386,Idaho,2014,32.3,15-19,-6.050980392,-605.0980392
387,Idaho,2015,31.4,15-19,-3.896078431,-389.6078431
388,Idaho,2016,28.1,15-19,-4.329411765,-432.9411765
389,Idaho,2017,26,15-19,-4.401960784,-440.1960784
390,Illinois,1988,111.2,15-19,10.418,1041.8
391,Illinois,1989,111.125,15-19,10.51,1051
392,Illinois,1990,111.05,15-19,10.602,1060.2
393,Illinois,1991,110.975,15-19,10.694,1069.4
394,Illinois,1992,110.9,15-19,10.786,1078.6
395,Illinois,1993,109.375,15-19,12.649,1264.9
396,Illinois,1994,107.85,15-19,14.512,1451.2
397,Illinois,1995,106.325,15-19,16.375,1637.5
398,Illinois,1996,104.8,15-19,18.238,1823.8
399,Illinois,1997,100.625,15-19,16.5305,1653.05
400,Illinois,1998,96.45,15-19,14.823,1482.3
401,Illinois,1999,92.275,15-19,13.1155,1311.55
402,Illinois,2000,88.1,15-19,10.52352941,1052.352941
403,Illinois,2001,83.94,15-19,9.001960784,900.1960784
404,Illinois,2002,79.78,15-19,7.480392157,748.0392157
405,Illinois,2003,75.62,15-19,5.958823529,595.8823529
406,Illinois,2004,71.46,15-19,4.437254902,443.7254902
407,Illinois,2005,67.3,15-19,2.915686275,291.5686275
408,Illinois,2006,68.1,15-19,1.888235294,188.8235294
409,Illinois,2007,69.2,15-19,2.392156863,239.2156863
410,Illinois,2008,68.1,15-19,2.711764706,271.1764706
411,Illinois,2009,62.4,15-19,1.225490196,122.5490196
412,Illinois,2010,57,15-19,1.384313725,138.4313725
413,Illinois,2011,51.3,15-19,0.498039216,49.80392157
414,Illinois,2012,48,15-19,1.235294118,123.5294118
415,Illinois,2013,43.1,15-19,1.07254902,107.254902
416,Illinois,2014,39,15-19,0.649019608,64.90196078
417,Illinois,2015,35.5,15-19,0.203921569,20.39215686
418,Illinois,2016,31.8,15-19,-0.629411765,-62.94117647
419,Illinois,2017,30.4,15-19,-0.001960784,-0.196078431
420,Indiana,1988,89.7,15-19,-11.082,-1108.2
421,Indiana,1989,90.875,15-19,-9.74,-974
422,Indiana,1990,92.05,15-19,-8.398,-839.8
423,Indiana,1991,93.225,15-19,-7.056,-705.6
424,Indiana,1992,94.4,15-19,-5.714,-571.4
425,Indiana,1993,92.325,15-19,-4.401,-440.1
426,Indiana,1994,90.25,15-19,-3.088,-308.8
427,Indiana,1995,88.175,15-19,-1.775,-177.5
428,Indiana,1996,86.1,15-19,-0.462,-46.2
429,Indiana,1997,82.675,15-19,-1.4195,-141.95
430,Indiana,1998,79.25,15-19,-2.377,-237.7
431,Indiana,1999,75.825,15-19,-3.3345,-333.45
432,Indiana,2000,72.4,15-19,-5.176470588,-517.6470588
433,Indiana,2001,70.12,15-19,-4.818039216,-481.8039216
434,Indiana,2002,67.84,15-19,-4.459607843,-445.9607843
435,Indiana,2003,65.56,15-19,-4.101176471,-410.1176471
436,Indiana,2004,63.28,15-19,-3.742745098,-374.2745098
437,Indiana,2005,61,15-19,-3.384313725,-338.4313725
438,Indiana,2006,59.7,15-19,-6.511764706,-651.1764706
439,Indiana,2007,61.4,15-19,-5.407843137,-540.7843137
440,Indiana,2008,58.6,15-19,-6.788235294,-678.8235294
441,Indiana,2009,58,15-19,-3.174509804,-317.4509804
442,Indiana,2010,53.1,15-19,-2.515686275,-251.5686275
443,Indiana,2011,48.6,15-19,-2.201960784,-220.1960784
444,Indiana,2012,45.8,15-19,-0.964705882,-96.47058824
445,Indiana,2013,42,15-19,-0.02745098,-2.745098039
446,Indiana,2014,39.2,15-19,0.849019608,84.90196078
447,Indiana,2015,36.5,15-19,1.203921569,120.3921569
448,Indiana,2016,33.3,15-19,0.870588235,87.05882353
449,Indiana,2017,32.6,15-19,2.198039216,219.8039216
450,Iowa,1988,70.3,15-19,-30.482,-3048.2
451,Iowa,1989,69.3,15-19,-31.315,-3131.5
452,Iowa,1990,68.3,15-19,-32.148,-3214.8
453,Iowa,1991,67.3,15-19,-32.981,-3298.1
454,Iowa,1992,66.3,15-19,-33.814,-3381.4
455,Iowa,1993,64.125,15-19,-32.601,-3260.1
456,Iowa,1994,61.95,15-19,-31.388,-3138.8
457,Iowa,1995,59.775,15-19,-30.175,-3017.5
458,Iowa,1996,57.6,15-19,-28.962,-2896.2
459,Iowa,1997,56.775,15-19,-27.3195,-2731.95
460,Iowa,1998,55.95,15-19,-25.677,-2567.7
461,Iowa,1999,55.125,15-19,-24.0345,-2403.45
462,Iowa,2000,54.3,15-19,-23.27647059,-2327.647059
463,Iowa,2001,53.16,15-19,-21.77803922,-2177.803922
464,Iowa,2002,52.02,15-19,-20.27960784,-2027.960784
465,Iowa,2003,50.88,15-19,-18.78117647,-1878.117647
466,Iowa,2004,49.74,15-19,-17.2827451,-1728.27451
467,Iowa,2005,48.6,15-19,-15.78431373,-1578.431373
468,Iowa,2006,50.7,15-19,-15.51176471,-1551.176471
469,Iowa,2007,51.2,15-19,-15.60784314,-1560.784314
470,Iowa,2008,51,15-19,-14.38823529,-1438.823529
471,Iowa,2009,49.5,15-19,-11.6745098,-1167.45098
472,Iowa,2010,44.1,15-19,-11.51568627,-1151.568627
473,Iowa,2011,38.8,15-19,-12.00196078,-1200.196078
474,Iowa,2012,36.1,15-19,-10.66470588,-1066.470588
475,Iowa,2013,31.7,15-19,-10.32745098,-1032.745098
476,Iowa,2014,28.5,15-19,-9.850980392,-985.0980392
477,Iowa,2015,27,15-19,-8.296078431,-829.6078431
478,Iowa,2016,25.3,15-19,-7.129411765,-712.9411765
479,Iowa,2017,23.1,15-19,-7.301960784,-730.1960784
480,Kansas,1988,90.4,15-19,-10.382,-1038.2
481,Kansas,1989,90.375,15-19,-10.24,-1024
482,Kansas,1990,90.35,15-19,-10.098,-1009.8
483,Kansas,1991,90.325,15-19,-9.956,-995.6
484,Kansas,1992,90.3,15-19,-9.814,-981.4
485,Kansas,1993,87.225,15-19,-9.501,-950.1
486,Kansas,1994,84.15,15-19,-9.188,-918.8
487,Kansas,1995,81.075,15-19,-8.875,-887.5
488,Kansas,1996,78,15-19,-8.562,-856.2
489,Kansas,1997,75.675,15-19,-8.4195,-841.95
490,Kansas,1998,73.35,15-19,-8.277,-827.7
491,Kansas,1999,71.025,15-19,-8.1345,-813.45
492,Kansas,2000,68.7,15-19,-8.876470588,-887.6470588
493,Kansas,2001,66.66,15-19,-8.278039216,-827.8039216
494,Kansas,2002,64.62,15-19,-7.679607843,-767.9607843
495,Kansas,2003,62.58,15-19,-7.081176471,-708.1176471
496,Kansas,2004,60.54,15-19,-6.482745098,-648.2745098
497,Kansas,2005,58.5,15-19,-5.884313725,-588.4313725
498,Kansas,2006,59.6,15-19,-6.611764706,-661.1764706
499,Kansas,2007,61,15-19,-5.807843137,-580.7843137
500,Kansas,2008,63,15-19,-2.388235294,-238.8235294
501,Kansas,2009,59.4,15-19,-1.774509804,-177.4509804
502,Kansas,2010,53.1,15-19,-2.515686275,-251.5686275
503,Kansas,2011,48.2,15-19,-2.601960784,-260.1960784
504,Kansas,2012,46.4,15-19,-0.364705882,-36.47058824
505,Kansas,2013,40.3,15-19,-1.72745098,-172.745098
506,Kansas,2014,37.7,15-19,-0.650980392,-65.09803922
507,Kansas,2015,34.7,15-19,-0.596078431,-59.60784314
508,Kansas,2016,30,15-19,-2.429411765,-242.9411765
509,Kansas,2017,29.7,15-19,-0.701960784,-70.19607843
510,Kentucky,1988,97.2,15-19,-3.582,-358.2
511,Kentucky,1989,97.65,15-19,-2.965,-296.5
512,Kentucky,1990,98.1,15-19,-2.348,-234.8
513,Kentucky,1991,98.55,15-19,-1.731,-173.1
514,Kentucky,1992,99,15-19,-1.114,-111.4
515,Kentucky,1993,95.925,15-19,-0.801,-80.1
516,Kentucky,1994,92.85,15-19,-0.488,-48.8
517,Kentucky,1995,89.775,15-19,-0.175,-17.5
518,Kentucky,1996,86.7,15-19,0.138,13.8
519,Kentucky,1997,83.8,15-19,-0.2945,-29.45
520,Kentucky,1998,80.9,15-19,-0.727,-72.7
521,Kentucky,1999,78,15-19,-1.1595,-115.95
522,Kentucky,2000,75.1,15-19,-2.476470588,-247.6470588
523,Kentucky,2001,73.02,15-19,-1.918039216,-191.8039216
524,Kentucky,2002,70.94,15-19,-1.359607843,-135.9607843
525,Kentucky,2003,68.86,15-19,-0.801176471,-80.11764706
526,Kentucky,2004,66.78,15-19,-0.242745098,-24.2745098
527,Kentucky,2005,64.7,15-19,0.315686275,31.56862745
528,Kentucky,2006,70.5,15-19,4.288235294,428.8235294
529,Kentucky,2007,71.1,15-19,4.292156863,429.2156863
530,Kentucky,2008,70.8,15-19,5.411764706,541.1764706
531,Kentucky,2009,67.5,15-19,6.325490196,632.5490196
532,Kentucky,2010,62.4,15-19,6.784313725,678.4313725
533,Kentucky,2011,58.5,15-19,7.698039216,769.8039216
534,Kentucky,2012,54.9,15-19,8.135294118,813.5294118
535,Kentucky,2013,52.1,15-19,10.07254902,1007.254902
536,Kentucky,2014,47.2,15-19,8.849019608,884.9019608
537,Kentucky,2015,42.8,15-19,7.503921569,750.3921569
538,Kentucky,2016,40.9,15-19,8.470588235,847.0588235
539,Kentucky,2017,38.5,15-19,8.098039216,809.8039216
540,Louisiana,1988,107.1,15-19,6.318,631.8
541,Louisiana,1989,107.35,15-19,6.735,673.5
542,Louisiana,1990,107.6,15-19,7.152,715.2
543,Louisiana,1991,107.85,15-19,7.569,756.9
544,Louisiana,1992,108.1,15-19,7.986,798.6
545,Louisiana,1993,105.35,15-19,8.624,862.4
546,Louisiana,1994,102.6,15-19,9.262,926.2
547,Louisiana,1995,99.85,15-19,9.9,990
548,Louisiana,1996,97.1,15-19,10.538,1053.8
549,Louisiana,1997,94.55,15-19,10.4555,1045.55
550,Louisiana,1998,92,15-19,10.373,1037.3
551,Louisiana,1999,89.45,15-19,10.2905,1029.05
552,Louisiana,2000,86.9,15-19,9.323529412,932.3529412
553,Louisiana,2001,82.98,15-19,8.041960784,804.1960784
554,Louisiana,2002,79.06,15-19,6.760392157,676.0392157
555,Louisiana,2003,75.14,15-19,5.478823529,547.8823529
556,Louisiana,2004,71.22,15-19,4.197254902,419.7254902
557,Louisiana,2005,67.3,15-19,2.915686275,291.5686275
558,Louisiana,2006,77,15-19,10.78823529,1078.823529
559,Louisiana,2007,80.1,15-19,13.29215686,1329.215686
560,Louisiana,2008,80.3,15-19,14.91176471,1491.176471
561,Louisiana,2009,76.4,15-19,15.2254902,1522.54902
562,Louisiana,2010,69.6,15-19,13.98431373,1398.431373
563,Louisiana,2011,65.9,15-19,15.09803922,1509.803922
564,Louisiana,2012,60.6,15-19,13.83529412,1383.529412
565,Louisiana,2013,54.6,15-19,12.57254902,1257.254902
566,Louisiana,2014,49.8,15-19,11.44901961,1144.901961
567,Louisiana,2015,47.7,15-19,12.40392157,1240.392157
568,Louisiana,2016,43.7,15-19,11.27058824,1127.058824
569,Louisiana,2017,41.3,15-19,10.89803922,1089.803922
570,Maine,1988,81.3,15-19,-19.482,-1948.2
571,Maine,1989,78.575,15-19,-22.04,-2204
572,Maine,1990,75.85,15-19,-24.598,-2459.8
573,Maine,1991,73.125,15-19,-27.156,-2715.6
574,Maine,1992,70.4,15-19,-29.714,-2971.4
575,Maine,1993,67.5,15-19,-29.226,-2922.6
576,Maine,1994,64.6,15-19,-28.738,-2873.8
577,Maine,1995,61.7,15-19,-28.25,-2825
578,Maine,1996,58.8,15-19,-27.762,-2776.2
579,Maine,1997,56.975,15-19,-27.1195,-2711.95
580,Maine,1998,55.15,15-19,-26.477,-2647.7
581,Maine,1999,53.325,15-19,-25.8345,-2583.45
582,Maine,2000,51.5,15-19,-26.07647059,-2607.647059
583,Maine,2001,49.76,15-19,-25.17803922,-2517.803922
584,Maine,2002,48.02,15-19,-24.27960784,-2427.960784
585,Maine,2003,46.28,15-19,-23.38117647,-2338.117647
586,Maine,2004,44.54,15-19,-22.4827451,-2248.27451
587,Maine,2005,42.8,15-19,-21.58431373,-2158.431373
588,Maine,2006,42.6,15-19,-23.61176471,-2361.176471
589,Maine,2007,44.7,15-19,-22.10784314,-2210.784314
590,Maine,2008,43,15-19,-22.38823529,-2238.823529
591,Maine,2009,40.5,15-19,-20.6745098,-2067.45098
592,Maine,2010,36.9,15-19,-18.71568627,-1871.568627
593,Maine,2011,34,15-19,-16.80196078,-1680.196078
594,Maine,2012,32.9,15-19,-13.86470588,-1386.470588
595,Maine,2013,29.4,15-19,-12.62745098,-1262.745098
596,Maine,2014,27.4,15-19,-10.95098039,-1095.098039
597,Maine,2015,25.5,15-19,-9.796078431,-979.6078431
598,Maine,2016,24.1,15-19,-8.329411765,-832.9411765
599,Maine,2017,22.9,15-19,-7.501960784,-750.1960784
600,Maryland,1988,124,15-19,23.218,2321.8
601,Maryland,1989,122.45,15-19,21.835,2183.5
602,Maryland,1990,120.9,15-19,20.452,2045.2
603,Maryland,1991,119.35,15-19,19.069,1906.9
604,Maryland,1992,117.8,15-19,17.686,1768.6
605,Maryland,1993,114.625,15-19,17.899,1789.9
606,Maryland,1994,111.45,15-19,18.112,1811.2
607,Maryland,1995,108.275,15-19,18.325,1832.5
608,Maryland,1996,105.1,15-19,18.538,1853.8
609,Maryland,1997,101.625,15-19,17.5305,1753.05
610,Maryland,1998,98.15,15-19,16.523,1652.3
611,Maryland,1999,94.675,15-19,15.5155,1551.55
612,Maryland,2000,91.2,15-19,13.62352941,1362.352941
613,Maryland,2001,86.16,15-19,11.22196078,1122.196078
614,Maryland,2002,81.12,15-19,8.820392157,882.0392157
615,Maryland,2003,76.08,15-19,6.418823529,641.8823529
616,Maryland,2004,71.04,15-19,4.017254902,401.7254902
617,Maryland,2005,66,15-19,1.615686275,161.5686275
618,Maryland,2006,65.9,15-19,-0.311764706,-31.17647059
619,Maryland,2007,66.3,15-19,-0.507843137,-50.78431373
620,Maryland,2008,63.6,15-19,-1.788235294,-178.8235294
621,Maryland,2009,61.5,15-19,0.325490196,32.54901961
622,Maryland,2010,57.7,15-19,2.084313725,208.4313725
623,Maryland,2011,55.2,15-19,4.398039216,439.8039216
624,Maryland,2012,46.5,15-19,-0.264705882,-26.47058824
625,Maryland,2013,41.9,15-19,-0.12745098,-12.74509804
626,Maryland,2014,38.1,15-19,-0.250980392,-25.09803922
627,Maryland,2015,35,15-19,-0.296078431,-29.60784314
628,Maryland,2016,33.1,15-19,0.670588235,67.05882353
629,Maryland,2017,31,15-19,0.598039216,59.80392157
630,Massachusetts,1988,94.9,15-19,-5.882,-588.2
631,Massachusetts,1989,92.75,15-19,-7.865,-786.5
632,Massachusetts,1990,90.6,15-19,-9.848,-984.8
633,Massachusetts,1991,88.45,15-19,-11.831,-1183.1
634,Massachusetts,1992,86.3,15-19,-13.814,-1381.4
635,Massachusetts,1993,83.725,15-19,-13.001,-1300.1
636,Massachusetts,1994,81.15,15-19,-12.188,-1218.8
637,Massachusetts,1995,78.575,15-19,-11.375,-1137.5
638,Massachusetts,1996,76,15-19,-10.562,-1056.2
639,Massachusetts,1997,71.825,15-19,-12.2695,-1226.95
640,Massachusetts,1998,67.65,15-19,-13.977,-1397.7
641,Massachusetts,1999,63.475,15-19,-15.6845,-1568.45
642,Massachusetts,2000,59.3,15-19,-18.27647059,-1827.647059
643,Massachusetts,2001,56.54,15-19,-18.39803922,-1839.803922
644,Massachusetts,2002,53.78,15-19,-18.51960784,-1851.960784
645,Massachusetts,2003,51.02,15-19,-18.64117647,-1864.117647
646,Massachusetts,2004,48.26,15-19,-18.7627451,-1876.27451
647,Massachusetts,2005,45.5,15-19,-18.88431373,-1888.431373
648,Massachusetts,2006,45.8,15-19,-20.41176471,-2041.176471
649,Massachusetts,2007,46.9,15-19,-19.90784314,-1990.784314
650,Massachusetts,2008,42.7,15-19,-22.68823529,-2268.823529
651,Massachusetts,2009,41,15-19,-20.1745098,-2017.45098
652,Massachusetts,2010,36.4,15-19,-19.21568627,-1921.568627
653,Massachusetts,2011,32.6,15-19,-18.20196078,-1820.196078
654,Massachusetts,2012,30.2,15-19,-16.56470588,-1656.470588
655,Massachusetts,2013,24.4,15-19,-17.62745098,-1762.745098
656,Massachusetts,2014,22,15-19,-16.35098039,-1635.098039
657,Massachusetts,2015,19.4,15-19,-15.89607843,-1589.607843
658,Massachusetts,2016,17.9,15-19,-14.52941176,-1452.941176
659,Massachusetts,2017,16.4,15-19,-14.00196078,-1400.196078
660,Michigan,1988,108.4,15-19,7.618,761.8
661,Michigan,1989,108.375,15-19,7.76,776
662,Michigan,1990,108.35,15-19,7.902,790.2
663,Michigan,1991,108.325,15-19,8.044,804.4
664,Michigan,1992,108.3,15-19,8.186,818.6
665,Michigan,1993,102.975,15-19,6.249,624.9
666,Michigan,1994,97.65,15-19,4.312,431.2
667,Michigan,1995,92.325,15-19,2.375,237.5
668,Michigan,1996,87,15-19,0.438,43.8
669,Michigan,1997,83.95,15-19,-0.1445,-14.45
670,Michigan,1998,80.9,15-19,-0.727,-72.7
671,Michigan,1999,77.85,15-19,-1.3095,-130.95
672,Michigan,2000,74.8,15-19,-2.776470588,-277.6470588
673,Michigan,2001,71.84,15-19,-3.098039216,-309.8039216
674,Michigan,2002,68.88,15-19,-3.419607843,-341.9607843
675,Michigan,2003,65.92,15-19,-3.741176471,-374.1176471
676,Michigan,2004,62.96,15-19,-4.062745098,-406.2745098
677,Michigan,2005,60,15-19,-4.384313725,-438.4313725
678,Michigan,2006,59.7,15-19,-6.511764706,-651.1764706
679,Michigan,2007,59,15-19,-7.807843137,-780.7843137
680,Michigan,2008,58.4,15-19,-6.988235294,-698.8235294
681,Michigan,2009,56.7,15-19,-4.474509804,-447.4509804
682,Michigan,2010,52.3,15-19,-3.315686275,-331.5686275
683,Michigan,2011,47.4,15-19,-3.401960784,-340.1960784
684,Michigan,2012,43.5,15-19,-3.264705882,-326.4705882
685,Michigan,2013,39.2,15-19,-2.82745098,-282.745098
686,Michigan,2014,35.3,15-19,-3.050980392,-305.0980392
687,Michigan,2015,31.9,15-19,-3.396078431,-339.6078431
688,Michigan,2016,29.5,15-19,-2.929411765,-292.9411765
689,Michigan,2017,27.4,15-19,-3.001960784,-300.1960784
690,Minnesota,1988,69,15-19,-31.782,-3178.2
691,Minnesota,1989,67.625,15-19,-32.99,-3299
692,Minnesota,1990,66.25,15-19,-34.198,-3419.8
693,Minnesota,1991,64.875,15-19,-35.406,-3540.6
694,Minnesota,1992,63.5,15-19,-36.614,-3661.4
695,Minnesota,1993,61.575,15-19,-35.151,-3515.1
696,Minnesota,1994,59.65,15-19,-33.688,-3368.8
697,Minnesota,1995,57.725,15-19,-32.225,-3222.5
698,Minnesota,1996,55.8,15-19,-30.762,-3076.2
699,Minnesota,1997,54.275,15-19,-29.8195,-2981.95
700,Minnesota,1998,52.75,15-19,-28.877,-2887.7
701,Minnesota,1999,51.225,15-19,-27.9345,-2793.45
702,Minnesota,2000,49.7,15-19,-27.87647059,-2787.647059
703,Minnesota,2001,48.22,15-19,-26.71803922,-2671.803922
704,Minnesota,2002,46.74,15-19,-25.55960784,-2555.960784
705,Minnesota,2003,45.26,15-19,-24.40117647,-2440.117647
706,Minnesota,2004,43.78,15-19,-23.2427451,-2324.27451
707,Minnesota,2005,42.3,15-19,-22.08431373,-2208.431373
708,Minnesota,2006,44.4,15-19,-21.81176471,-2181.176471
709,Minnesota,2007,45.5,15-19,-21.30784314,-2130.784314
710,Minnesota,2008,42.5,15-19,-22.88823529,-2288.823529
711,Minnesota,2009,39,15-19,-22.1745098,-2217.45098
712,Minnesota,2010,35.4,15-19,-20.21568627,-2021.568627
713,Minnesota,2011,31.3,15-19,-19.50196078,-1950.196078
714,Minnesota,2012,29.3,15-19,-17.46470588,-1746.470588
715,Minnesota,2013,26.4,15-19,-15.62745098,-1562.745098
716,Minnesota,2014,24,15-19,-14.35098039,-1435.098039
717,Minnesota,2015,21.5,15-19,-13.79607843,-1379.607843
718,Minnesota,2016,20.3,15-19,-12.12941176,-1212.941176
719,Minnesota,2017,19.7,15-19,-10.70196078,-1070.196078
720,Mississippi,1988,106.4,15-19,5.618,561.8
721,Mississippi,1989,110.15,15-19,9.535,953.5
722,Mississippi,1990,113.9,15-19,13.452,1345.2
723,Mississippi,1991,117.65,15-19,17.369,1736.9
724,Mississippi,1992,121.4,15-19,21.286,2128.6
725,Mississippi,1993,117.425,15-19,20.699,2069.9
726,Mississippi,1994,113.45,15-19,20.112,2011.2
727,Mississippi,1995,109.475,15-19,19.525,1952.5
728,Mississippi,1996,105.5,15-19,18.938,1893.8
729,Mississippi,1997,104.525,15-19,20.4305,2043.05
730,Mississippi,1998,103.55,15-19,21.923,2192.3
731,Mississippi,1999,102.575,15-19,23.4155,2341.55
732,Mississippi,2000,101.6,15-19,24.02352941,2402.352941
733,Mississippi,2001,97.72,15-19,22.78196078,2278.196078
734,Mississippi,2002,93.84,15-19,21.54039216,2154.039216
735,Mississippi,2003,89.96,15-19,20.29882353,2029.882353
736,Mississippi,2004,86.08,15-19,19.0572549,1905.72549
737,Mississippi,2005,82.2,15-19,17.81568627,1781.568627
738,Mississippi,2006,92.7,15-19,26.48823529,2648.823529
739,Mississippi,2007,95.7,15-19,28.89215686,2889.215686
740,Mississippi,2008,89.9,15-19,24.51176471,2451.176471
741,Mississippi,2009,85.9,15-19,24.7254902,2472.54902
742,Mississippi,2010,76.7,15-19,21.08431373,2108.431373
743,Mississippi,2011,69.6,15-19,18.79803922,1879.803922
744,Mississippi,2012,63.4,15-19,16.63529412,1663.529412
745,Mississippi,2013,58.2,15-19,16.17254902,1617.254902
746,Mississippi,2014,52.1,15-19,13.74901961,1374.901961
747,Mississippi,2015,47.2,15-19,11.90392157,1190.392157
748,Mississippi,2016,44.2,15-19,11.77058824,1177.058824
749,Mississippi,2017,42.6,15-19,12.19803922,1219.803922
750,Missouri,1988,99.4,15-19,-1.382,-138.2
751,Missouri,1989,99.5,15-19,-1.115,-111.5
752,Missouri,1990,99.6,15-19,-0.848,-84.8
753,Missouri,1991,99.7,15-19,-0.581,-58.1
754,Missouri,1992,99.8,15-19,-0.314,-31.4
755,Missouri,1993,95.075,15-19,-1.651,-165.1
756,Missouri,1994,90.35,15-19,-2.988,-298.8
757,Missouri,1995,85.625,15-19,-4.325,-432.5
758,Missouri,1996,80.9,15-19,-5.662,-566.2
759,Missouri,1997,79.1,15-19,-4.9945,-499.45
760,Missouri,1998,77.3,15-19,-4.327,-432.7
761,Missouri,1999,75.5,15-19,-3.6595,-365.95
762,Missouri,2000,73.7,15-19,-3.876470588,-387.6470588
763,Missouri,2001,71.42,15-19,-3.518039216,-351.8039216
764,Missouri,2002,69.14,15-19,-3.159607843,-315.9607843
765,Missouri,2003,66.86,15-19,-2.801176471,-280.1176471
766,Missouri,2004,64.58,15-19,-2.442745098,-244.2745098
767,Missouri,2005,62.3,15-19,-2.084313725,-208.4313725
768,Missouri,2006,65.8,15-19,-0.411764706,-41.17647059
769,Missouri,2007,66.1,15-19,-0.707843137,-70.78431373
770,Missouri,2008,64.7,15-19,-0.688235294,-68.82352941
771,Missouri,2009,59.9,15-19,-1.274509804,-127.4509804
772,Missouri,2010,54.4,15-19,-1.215686275,-121.5686275
773,Missouri,2011,50.5,15-19,-0.301960784,-30.19607843
774,Missouri,2012,47,15-19,0.235294118,23.52941176
775,Missouri,2013,43.2,15-19,1.17254902,117.254902
776,Missouri,2014,38.5,15-19,0.149019608,14.90196078
777,Missouri,2015,35.7,15-19,0.403921569,40.39215686
778,Missouri,2016,33.8,15-19,1.370588235,137.0588235
779,Missouri,2017,32.8,15-19,2.398039216,239.8039216
780,Montana,1988,74.6,15-19,-26.182,-2618.2
781,Montana,1989,76.225,15-19,-24.39,-2439
782,Montana,1990,77.85,15-19,-22.598,-2259.8
783,Montana,1991,79.475,15-19,-20.806,-2080.6
784,Montana,1992,81.1,15-19,-19.014,-1901.4
785,Montana,1993,77.35,15-19,-19.376,-1937.6
786,Montana,1994,73.6,15-19,-19.738,-1973.8
787,Montana,1995,69.85,15-19,-20.1,-2010
788,Montana,1996,66.1,15-19,-20.462,-2046.2
789,Montana,1997,64.55,15-19,-19.5445,-1954.45
790,Montana,1998,63,15-19,-18.627,-1862.7
791,Montana,1999,61.45,15-19,-17.7095,-1770.95
792,Montana,2000,59.9,15-19,-17.67647059,-1767.647059
793,Montana,2001,59,15-19,-15.93803922,-1593.803922
794,Montana,2002,58.1,15-19,-14.19960784,-1419.960784
795,Montana,2003,57.2,15-19,-12.46117647,-1246.117647
796,Montana,2004,56.3,15-19,-10.7227451,-1072.27451
797,Montana,2005,55.4,15-19,-8.984313725,-898.4313725
798,Montana,2006,57.6,15-19,-8.611764706,-861.1764706
799,Montana,2007,55,15-19,-11.80784314,-1180.784314
800,Montana,2008,59.1,15-19,-6.288235294,-628.8235294
801,Montana,2009,57.9,15-19,-3.274509804,-327.4509804
802,Montana,2010,52.9,15-19,-2.715686275,-271.5686275
803,Montana,2011,46.7,15-19,-4.101960784,-410.1960784
804,Montana,2012,44.1,15-19,-2.664705882,-266.4705882
805,Montana,2013,41.1,15-19,-0.92745098,-92.74509804
806,Montana,2014,39.3,15-19,0.949019608,94.90196078
807,Montana,2015,37.5,15-19,2.203921569,220.3921569
808,Montana,2016,34.2,15-19,1.770588235,177.0588235
809,Montana,2017,31.8,15-19,1.398039216,139.8039216
810,Nebraska,1988,76.9,15-19,-23.882,-2388.2
811,Nebraska,1989,75.4,15-19,-25.215,-2521.5
812,Nebraska,1990,73.9,15-19,-26.548,-2654.8
813,Nebraska,1991,72.4,15-19,-27.881,-2788.1
814,Nebraska,1992,70.9,15-19,-29.214,-2921.4
815,Nebraska,1993,68.65,15-19,-28.076,-2807.6
816,Nebraska,1994,66.4,15-19,-26.938,-2693.8
817,Nebraska,1995,64.15,15-19,-25.8,-2580
818,Nebraska,1996,61.9,15-19,-24.662,-2466.2
819,Nebraska,1997,61.1,15-19,-22.9945,-2299.45
820,Nebraska,1998,60.3,15-19,-21.327,-2132.7
821,Nebraska,1999,59.5,15-19,-19.6595,-1965.95
822,Nebraska,2000,58.7,15-19,-18.87647059,-1887.647059
823,Nebraska,2001,56.6,15-19,-18.33803922,-1833.803922
824,Nebraska,2002,54.5,15-19,-17.79960784,-1779.960784
825,Nebraska,2003,52.4,15-19,-17.26117647,-1726.117647
826,Nebraska,2004,50.3,15-19,-16.7227451,-1672.27451
827,Nebraska,2005,48.2,15-19,-16.18431373,-1618.431373
828,Nebraska,2006,46.3,15-19,-19.91176471,-1991.176471
829,Nebraska,2007,49.2,15-19,-17.60784314,-1760.784314
830,Nebraska,2008,50.6,15-19,-14.78823529,-1478.823529
831,Nebraska,2009,49,15-19,-12.1745098,-1217.45098
832,Nebraska,2010,43.2,15-19,-12.41568627,-1241.568627
833,Nebraska,2011,39.6,15-19,-11.20196078,-1120.196078
834,Nebraska,2012,37.3,15-19,-9.464705882,-946.4705882
835,Nebraska,2013,34.9,15-19,-7.12745098,-712.745098
836,Nebraska,2014,30.8,15-19,-7.550980392,-755.0980392
837,Nebraska,2015,30.4,15-19,-4.896078431,-489.6078431
838,Nebraska,2016,26.3,15-19,-6.129411765,-612.9411765
839,Nebraska,2017,25.4,15-19,-5.001960784,-500.1960784
840,Nevada,1988,139.4,15-19,38.618,3861.8
841,Nevada,1989,140.325,15-19,39.71,3971
842,Nevada,1990,141.25,15-19,40.802,4080.2
843,Nevada,1991,142.175,15-19,41.894,4189.4
844,Nevada,1992,143.1,15-19,42.986,4298.6
845,Nevada,1993,142.025,15-19,45.299,4529.9
846,Nevada,1994,140.95,15-19,47.612,4761.2
847,Nevada,1995,139.875,15-19,49.925,4992.5
848,Nevada,1996,138.8,15-19,52.238,5223.8
849,Nevada,1997,132.9,15-19,48.8055,4880.55
850,Nevada,1998,127,15-19,45.373,4537.3
851,Nevada,1999,121.1,15-19,41.9405,4194.05
852,Nevada,2000,115.2,15-19,37.62352941,3762.352941
853,Nevada,2001,110.82,15-19,35.88196078,3588.196078
854,Nevada,2002,106.44,15-19,34.14039216,3414.039216
855,Nevada,2003,102.06,15-19,32.39882353,3239.882353
856,Nevada,2004,97.68,15-19,30.6572549,3065.72549
857,Nevada,2005,93.3,15-19,28.91568627,2891.568627
858,Nevada,2006,93.7,15-19,27.48823529,2748.823529
859,Nevada,2007,90.9,15-19,24.09215686,2409.215686
860,Nevada,2008,84.7,15-19,19.31176471,1931.176471
861,Nevada,2009,76.8,15-19,15.6254902,1562.54902
862,Nevada,2010,68.9,15-19,13.28431373,1328.431373
863,Nevada,2011,61.9,15-19,11.09803922,1109.803922
864,Nevada,2012,56.4,15-19,9.635294118,963.5294118
865,Nevada,2013,49.5,15-19,7.47254902,747.254902
866,Nevada,2014,47.9,15-19,9.549019608,954.9019608
867,Nevada,2015,45.5,15-19,10.20392157,1020.392157
868,Nevada,2016,40.2,15-19,7.770588235,777.0588235
869,Nevada,2017,36.4,15-19,5.998039216,599.8039216
870,New Hampshire,1988,88.1,15-19,-12.682,-1268.2
871,New Hampshire,1989,81.45,15-19,-19.165,-1916.5
872,New Hampshire,1990,74.8,15-19,-25.648,-2564.8
873,New Hampshire,1991,68.15,15-19,-32.131,-3213.1
874,New Hampshire,1992,61.5,15-19,-38.614,-3861.4
875,New Hampshire,1993,60.425,15-19,-36.301,-3630.1
876,New Hampshire,1994,59.35,15-19,-33.988,-3398.8
877,New Hampshire,1995,58.275,15-19,-31.675,-3167.5
878,New Hampshire,1996,57.2,15-19,-29.362,-2936.2
879,New Hampshire,1997,54.6,15-19,-29.4945,-2949.45
880,New Hampshire,1998,52,15-19,-29.627,-2962.7
881,New Hampshire,1999,49.4,15-19,-29.7595,-2975.95
882,New Hampshire,2000,46.8,15-19,-30.77647059,-3077.647059
883,New Hampshire,2001,44.1,15-19,-30.83803922,-3083.803922
884,New Hampshire,2002,41.4,15-19,-30.89960784,-3089.960784
885,New Hampshire,2003,38.7,15-19,-30.96117647,-3096.117647
886,New Hampshire,2004,36,15-19,-31.0227451,-3102.27451
887,New Hampshire,2005,33.3,15-19,-31.08431373,-3108.431373
888,New Hampshire,2006,33.3,15-19,-32.91176471,-3291.176471
889,New Hampshire,2007,34.9,15-19,-31.90784314,-3190.784314
890,New Hampshire,2008,33.3,15-19,-32.08823529,-3208.823529
891,New Hampshire,2009,29.6,15-19,-31.5745098,-3157.45098
892,New Hampshire,2010,28.1,15-19,-27.51568627,-2751.568627
893,New Hampshire,2011,25.8,15-19,-25.00196078,-2500.196078
894,New Hampshire,2012,24.8,15-19,-21.96470588,-2196.470588
895,New Hampshire,2013,22.2,15-19,-19.82745098,-1982.745098
896,New Hampshire,2014,20.2,15-19,-18.15098039,-1815.098039
897,New Hampshire,2015,19.3,15-19,-15.99607843,-1599.607843
898,New Hampshire,2016,17.5,15-19,-14.92941176,-1492.941176
899,New Hampshire,2017,15.9,15-19,-14.50196078,-1450.196078
900,New Jersey,1988,108.2,15-19,7.418,741.8
901,New Jersey,1989,105.575,15-19,4.96,496
902,New Jersey,1990,102.95,15-19,2.502,250.2
903,New Jersey,1991,100.325,15-19,0.044,4.4
904,New Jersey,1992,97.7,15-19,-2.414,-241.4
905,New Jersey,1993,97.475,15-19,0.749,74.9
906,New Jersey,1994,97.25,15-19,3.912,391.2
907,New Jersey,1995,97.025,15-19,7.075,707.5
908,New Jersey,1996,96.8,15-19,10.238,1023.8
909,New Jersey,1997,95.325,15-19,11.2305,1123.05
910,New Jersey,1998,93.85,15-19,12.223,1222.3
911,New Jersey,1999,92.375,15-19,13.2155,1321.55
912,New Jersey,2000,90.9,15-19,13.32352941,1332.352941
913,New Jersey,2001,86.92,15-19,11.98196078,1198.196078
914,New Jersey,2002,82.94,15-19,10.64039216,1064.039216
915,New Jersey,2003,78.96,15-19,9.298823529,929.8823529
916,New Jersey,2004,74.98,15-19,7.957254902,795.7254902
917,New Jersey,2005,71,15-19,6.615686275,661.5686275
918,New Jersey,2006,68.7,15-19,2.488235294,248.8235294
919,New Jersey,2007,61.4,15-19,-5.407843137,-540.7843137
920,New Jersey,2008,62.1,15-19,-3.288235294,-328.8235294
921,New Jersey,2009,54,15-19,-7.174509804,-717.4509804
922,New Jersey,2010,51.1,15-19,-4.515686275,-451.5686275
923,New Jersey,2011,46.8,15-19,-4.001960784,-400.1960784
924,New Jersey,2012,38.1,15-19,-8.664705882,-866.4705882
925,New Jersey,2013,36.1,15-19,-5.92745098,-592.745098
926,New Jersey,2014,31.9,15-19,-6.450980392,-645.0980392
927,New Jersey,2015,32.3,15-19,-2.996078431,-299.6078431
928,New Jersey,2016,31.4,15-19,-1.029411765,-102.9411765
929,New Jersey,2017,28.9,15-19,-1.501960784,-150.1960784
930,New Mexico,1988,124.6,15-19,23.818,2381.8
931,New Mexico,1989,125.5,15-19,24.885,2488.5
932,New Mexico,1990,126.4,15-19,25.952,2595.2
933,New Mexico,1991,127.3,15-19,27.019,2701.9
934,New Mexico,1992,128.2,15-19,28.086,2808.6
935,New Mexico,1993,123.35,15-19,26.624,2662.4
936,New Mexico,1994,118.5,15-19,25.162,2516.2
937,New Mexico,1995,113.65,15-19,23.7,2370
938,New Mexico,1996,108.8,15-19,22.238,2223.8
939,New Mexico,1997,107.275,15-19,23.1805,2318.05
940,New Mexico,1998,105.75,15-19,24.123,2412.3
941,New Mexico,1999,104.225,15-19,25.0655,2506.55
942,New Mexico,2000,102.7,15-19,25.12352941,2512.352941
943,New Mexico,2001,100.72,15-19,25.78196078,2578.196078
944,New Mexico,2002,98.74,15-19,26.44039216,2644.039216
945,New Mexico,2003,96.76,15-19,27.09882353,2709.882353
946,New Mexico,2004,94.78,15-19,27.7572549,2775.72549
947,New Mexico,2005,92.8,15-19,28.41568627,2841.568627
948,New Mexico,2006,96,15-19,29.78823529,2978.823529
949,New Mexico,2007,98.1,15-19,31.29215686,3129.215686
950,New Mexico,2008,92.9,15-19,27.51176471,2751.176471
951,New Mexico,2009,90.3,15-19,29.1254902,2912.54902
952,New Mexico,2010,80.3,15-19,24.68431373,2468.431373
953,New Mexico,2011,71.6,15-19,20.79803922,2079.803922
954,New Mexico,2012,68.4,15-19,21.63529412,2163.529412
955,New Mexico,2013,61.4,15-19,19.37254902,1937.254902
956,New Mexico,2014,53.9,15-19,15.54901961,1554.901961
957,New Mexico,2015,50,15-19,14.70392157,1470.392157
958,New Mexico,2016,44.7,15-19,12.27058824,1227.058824
959,New Mexico,2017,41.4,15-19,10.99803922,1099.803922
960,New York,1988,112.8,15-19,12.018,1201.8
961,New York,1989,114.075,15-19,13.46,1346
962,New York,1990,115.35,15-19,14.902,1490.2
963,New York,1991,116.625,15-19,16.344,1634.4
964,New York,1992,117.9,15-19,17.786,1778.6
965,New York,1993,114.225,15-19,17.499,1749.9
966,New York,1994,110.55,15-19,17.212,1721.2
967,New York,1995,106.875,15-19,16.925,1692.5
968,New York,1996,103.2,15-19,16.638,1663.8
969,New York,1997,100.025,15-19,15.9305,1593.05
970,New York,1998,96.85,15-19,15.223,1522.3
971,New York,1999,93.675,15-19,14.5155,1451.55
972,New York,2000,90.5,15-19,12.92352941,1292.352941
973,New York,2001,87.48,15-19,12.54196078,1254.196078
974,New York,2002,84.46,15-19,12.16039216,1216.039216
975,New York,2003,81.44,15-19,11.77882353,1177.882353
976,New York,2004,78.42,15-19,11.3972549,1139.72549
977,New York,2005,75.4,15-19,11.01568627,1101.568627
978,New York,2006,74.3,15-19,8.088235294,808.8235294
979,New York,2007,72.7,15-19,5.892156863,589.2156863
980,New York,2008,71.7,15-19,6.311764706,631.1764706
981,New York,2009,68.1,15-19,6.925490196,692.5490196
982,New York,2010,63.3,15-19,7.684313725,768.4313725
983,New York,2011,58.5,15-19,7.698039216,769.8039216
984,New York,2012,52.3,15-19,5.535294118,553.5294118
985,New York,2013,45.7,15-19,3.67254902,367.254902
986,New York,2014,42.1,15-19,3.749019608,374.9019608
987,New York,2015,38.3,15-19,3.003921569,300.3921569
988,New York,2016,35,15-19,2.570588235,257.0588235
989,New York,2017,33,15-19,2.598039216,259.8039216
990,North Carolina,1988,121,15-19,20.218,2021.8
991,North Carolina,1989,120.75,15-19,20.135,2013.5
992,North Carolina,1990,120.5,15-19,20.052,2005.2
993,North Carolina,1991,120.25,15-19,19.969,1996.9
994,North Carolina,1992,120,15-19,19.886,1988.6
995,North Carolina,1993,115.65,15-19,18.924,1892.4
996,North Carolina,1994,111.3,15-19,17.962,1796.2
997,North Carolina,1995,106.95,15-19,17,1700
998,North Carolina,1996,102.6,15-19,16.038,1603.8
999,North Carolina,1997,100.625,15-19,16.5305,1653.05
1000,North Carolina,1998,98.65,15-19,17.023,1702.3
1001,North Carolina,1999,96.675,15-19,17.5155,1751.55
1002,North Carolina,2000,94.7,15-19,17.12352941,1712.352941
1003,North Carolina,2001,90.44,15-19,15.50196078,1550.196078
1004,North Carolina,2002,86.18,15-19,13.88039216,1388.039216
1005,North Carolina,2003,81.92,15-19,12.25882353,1225.882353
1006,North Carolina,2004,77.66,15-19,10.6372549,1063.72549
1007,North Carolina,2005,73.4,15-19,9.015686275,901.5686275
1008,North Carolina,2006,74.5,15-19,8.288235294,828.8235294
1009,North Carolina,2007,74.5,15-19,7.692156863,769.2156863
1010,North Carolina,2008,72.4,15-19,7.011764706,701.1764706
1011,North Carolina,2009,67.5,15-19,6.325490196,632.5490196
1012,North Carolina,2010,59.4,15-19,3.784313725,378.4313725
1013,North Carolina,2011,52.8,15-19,1.998039216,199.8039216
1014,North Carolina,2012,48.9,15-19,2.135294118,213.5294118
1015,North Carolina,2013,44.3,15-19,2.27254902,227.254902
1016,North Carolina,2014,40.1,15-19,1.749019608,174.9019608
1017,North Carolina,2015,36.4,15-19,1.103921569,110.3921569
1018,North Carolina,2016,32.9,15-19,0.470588235,47.05882353
1019,North Carolina,2017,31.9,15-19,1.498039216,149.8039216
1020,North Dakota,1988,59.4,15-19,-41.382,-4138.2
1021,North Dakota,1989,59.275,15-19,-41.34,-4134
1022,North Dakota,1990,59.15,15-19,-41.298,-4129.8
1023,North Dakota,1991,59.025,15-19,-41.256,-4125.6
1024,North Dakota,1992,58.9,15-19,-41.214,-4121.4
1025,North Dakota,1993,56.6,15-19,-40.126,-4012.6
1026,North Dakota,1994,54.3,15-19,-39.038,-3903.8
1027,North Dakota,1995,52,15-19,-37.95,-3795
1028,North Dakota,1996,49.7,15-19,-36.862,-3686.2
1029,North Dakota,1997,47.625,15-19,-36.4695,-3646.95
1030,North Dakota,1998,45.55,15-19,-36.077,-3607.7
1031,North Dakota,1999,43.475,15-19,-35.6845,-3568.45
1032,North Dakota,2000,41.4,15-19,-36.17647059,-3617.647059
1033,North Dakota,2001,41.26,15-19,-33.67803922,-3367.803922
1034,North Dakota,2002,41.12,15-19,-31.17960784,-3117.960784
1035,North Dakota,2003,40.98,15-19,-28.68117647,-2868.117647
1036,North Dakota,2004,40.84,15-19,-26.1827451,-2618.27451
1037,North Dakota,2005,40.7,15-19,-23.68431373,-2368.431373
1038,North Dakota,2006,38.4,15-19,-27.81176471,-2781.176471
1039,North Dakota,2007,42.5,15-19,-24.30784314,-2430.784314
1040,North Dakota,2008,42.5,15-19,-22.88823529,-2288.823529
1041,North Dakota,2009,42.2,15-19,-18.9745098,-1897.45098
1042,North Dakota,2010,41.8,15-19,-13.81568627,-1381.568627
1043,North Dakota,2011,40.3,15-19,-10.50196078,-1050.196078
1044,North Dakota,2012,37.8,15-19,-8.964705882,-896.4705882
1045,North Dakota,2013,34.1,15-19,-7.92745098,-792.745098
1046,North Dakota,2014,34.2,15-19,-4.150980392,-415.0980392
1047,North Dakota,2015,31.6,15-19,-3.696078431,-369.6078431
1048,North Dakota,2016,29.1,15-19,-3.329411765,-332.9411765
1049,North Dakota,2017,24.3,15-19,-6.101960784,-610.1960784
1050,Ohio,1988,95.5,15-19,-5.282,-528.2
1051,Ohio,1989,94.9,15-19,-5.715,-571.5
1052,Ohio,1990,94.3,15-19,-6.148,-614.8
1053,Ohio,1991,93.7,15-19,-6.581,-658.1
1054,Ohio,1992,93.1,15-19,-7.014,-701.4
1055,Ohio,1993,90.025,15-19,-6.701,-670.1
1056,Ohio,1994,86.95,15-19,-6.388,-638.8
1057,Ohio,1995,83.875,15-19,-6.075,-607.5
1058,Ohio,1996,80.8,15-19,-5.762,-576.2
1059,Ohio,1997,79.1,15-19,-4.9945,-499.45
1060,Ohio,1998,77.4,15-19,-4.227,-422.7
1061,Ohio,1999,75.7,15-19,-3.4595,-345.95
1062,Ohio,2000,74,15-19,-3.576470588,-357.6470588
1063,Ohio,2001,71.5,15-19,-3.438039216,-343.8039216
1064,Ohio,2002,69,15-19,-3.299607843,-329.9607843
1065,Ohio,2003,66.5,15-19,-3.161176471,-316.1176471
1066,Ohio,2004,64,15-19,-3.022745098,-302.2745098
1067,Ohio,2005,61.5,15-19,-2.884313725,-288.4313725
1068,Ohio,2006,61.9,15-19,-4.311764706,-431.1764706
1069,Ohio,2007,63.3,15-19,-3.507843137,-350.7843137
1070,Ohio,2008,62.6,15-19,-2.788235294,-278.8235294
1071,Ohio,2009,59.4,15-19,-1.774509804,-177.4509804
1072,Ohio,2010,54,15-19,-1.615686275,-161.5686275
1073,Ohio,2011,48.8,15-19,-2.001960784,-200.1960784
1074,Ohio,2012,45.5,15-19,-1.264705882,-126.4705882
1075,Ohio,2013,41.2,15-19,-0.82745098,-82.74509804
1076,Ohio,2014,37.3,15-19,-1.050980392,-105.0980392
1077,Ohio,2015,34.4,15-19,-0.896078431,-89.60784314
1078,Ohio,2016,32,15-19,-0.429411765,-42.94117647
1079,Ohio,2017,30.8,15-19,0.398039216,39.80392157
1080,Oklahoma,1988,106.2,15-19,5.418,541.8
1081,Oklahoma,1989,104.65,15-19,4.035,403.5
1082,Oklahoma,1990,103.1,15-19,2.652,265.2
1083,Oklahoma,1991,101.55,15-19,1.269,126.9
1084,Oklahoma,1992,100,15-19,-0.114,-11.4
1085,Oklahoma,1993,97.525,15-19,0.799,79.9
1086,Oklahoma,1994,95.05,15-19,1.712,171.2
1087,Oklahoma,1995,92.575,15-19,2.625,262.5
1088,Oklahoma,1996,90.1,15-19,3.538,353.8
1089,Oklahoma,1997,88.875,15-19,4.7805,478.05
1090,Oklahoma,1998,87.65,15-19,6.023,602.3
1091,Oklahoma,1999,86.425,15-19,7.2655,726.55
1092,Oklahoma,2000,85.2,15-19,7.623529412,762.3529412
1093,Oklahoma,2001,82.96,15-19,8.021960784,802.1960784
1094,Oklahoma,2002,80.72,15-19,8.420392157,842.0392157
1095,Oklahoma,2003,78.48,15-19,8.818823529,881.8823529
1096,Oklahoma,2004,76.24,15-19,9.217254902,921.7254902
1097,Oklahoma,2005,74,15-19,9.615686275,961.5686275
1098,Oklahoma,2006,78.1,15-19,11.88823529,1188.823529
1099,Oklahoma,2007,80.7,15-19,13.89215686,1389.215686
1100,Oklahoma,2008,79.6,15-19,14.21176471,1421.176471
1101,Oklahoma,2009,78.9,15-19,17.7254902,1772.54902
1102,Oklahoma,2010,69.2,15-19,13.58431373,1358.431373
1103,Oklahoma,2011,64.9,15-19,14.09803922,1409.803922
1104,Oklahoma,2012,64.1,15-19,17.33529412,1733.529412
1105,Oklahoma,2013,57.8,15-19,15.77254902,1577.254902
1106,Oklahoma,2014,52.2,15-19,13.84901961,1384.901961
1107,Oklahoma,2015,46.2,15-19,10.90392157,1090.392157
1108,Oklahoma,2016,43.7,15-19,11.27058824,1127.058824
1109,Oklahoma,2017,39.8,15-19,9.398039216,939.8039216
1110,Oregon,1988,104.2,15-19,3.418,341.8
1111,Oregon,1989,102.825,15-19,2.21,221
1112,Oregon,1990,101.45,15-19,1.002,100.2
1113,Oregon,1991,100.075,15-19,-0.206,-20.6
1114,Oregon,1992,98.7,15-19,-1.414,-141.4
1115,Oregon,1993,96.425,15-19,-0.301,-30.1
1116,Oregon,1994,94.15,15-19,0.812,81.2
1117,Oregon,1995,91.875,15-19,1.925,192.5
1118,Oregon,1996,89.6,15-19,3.038,303.8
1119,Oregon,1997,86.825,15-19,2.7305,273.05
1120,Oregon,1998,84.05,15-19,2.423,242.3
1121,Oregon,1999,81.275,15-19,2.1155,211.55
1122,Oregon,2000,78.5,15-19,0.923529412,92.35294118
1123,Oregon,2001,74.16,15-19,-0.778039216,-77.80392157
1124,Oregon,2002,69.82,15-19,-2.479607843,-247.9607843
1125,Oregon,2003,65.48,15-19,-4.181176471,-418.1176471
1126,Oregon,2004,61.14,15-19,-5.882745098,-588.2745098
1127,Oregon,2005,56.8,15-19,-7.584313725,-758.4313725
1128,Oregon,2006,59.8,15-19,-6.411764706,-641.1764706
1129,Oregon,2007,59.9,15-19,-6.907843137,-690.7843137
1130,Oregon,2008,60.4,15-19,-4.988235294,-498.8235294
1131,Oregon,2009,54.6,15-19,-6.574509804,-657.4509804
1132,Oregon,2010,47.2,15-19,-8.415686275,-841.5686275
1133,Oregon,2011,43.4,15-19,-7.401960784,-740.1960784
1134,Oregon,2012,39.1,15-19,-7.664705882,-766.4705882
1135,Oregon,2013,35.7,15-19,-6.32745098,-632.745098
1136,Oregon,2014,32.9,15-19,-5.450980392,-545.0980392
1137,Oregon,2015,31.6,15-19,-3.696078431,-369.6078431
1138,Oregon,2016,28.1,15-19,-4.329411765,-432.9411765
1139,Oregon,2017,26,15-19,-4.401960784,-440.1960784
1140,Pennsylvania,1988,85.8,15-19,-14.982,-1498.2
1141,Pennsylvania,1989,85.25,15-19,-15.365,-1536.5
1142,Pennsylvania,1990,84.7,15-19,-15.748,-1574.8
1143,Pennsylvania,1991,84.15,15-19,-16.131,-1613.1
1144,Pennsylvania,1992,83.6,15-19,-16.514,-1651.4
1145,Pennsylvania,1993,79.625,15-19,-17.101,-1710.1
1146,Pennsylvania,1994,75.65,15-19,-17.688,-1768.8
1147,Pennsylvania,1995,71.675,15-19,-18.275,-1827.5
1148,Pennsylvania,1996,67.7,15-19,-18.862,-1886.2
1149,Pennsylvania,1997,65.725,15-19,-18.3695,-1836.95
1150,Pennsylvania,1998,63.75,15-19,-17.877,-1787.7
1151,Pennsylvania,1999,61.775,15-19,-17.3845,-1738.45
1152,Pennsylvania,2000,59.8,15-19,-17.77647059,-1777.647059
1153,Pennsylvania,2001,57.96,15-19,-16.97803922,-1697.803922
1154,Pennsylvania,2002,56.12,15-19,-16.17960784,-1617.960784
1155,Pennsylvania,2003,54.28,15-19,-15.38117647,-1538.117647
1156,Pennsylvania,2004,52.44,15-19,-14.5827451,-1458.27451
1157,Pennsylvania,2005,50.6,15-19,-13.78431373,-1378.431373
1158,Pennsylvania,2006,52.9,15-19,-13.31176471,-1331.176471
1159,Pennsylvania,2007,54.8,15-19,-12.00784314,-1200.784314
1160,Pennsylvania,2008,56.1,15-19,-9.288235294,-928.8235294
1161,Pennsylvania,2009,52.5,15-19,-8.674509804,-867.4509804
1162,Pennsylvania,2010,49,15-19,-6.615686275,-661.5686275
1163,Pennsylvania,2011,43.7,15-19,-7.101960784,-710.1960784
1164,Pennsylvania,2012,40.5,15-19,-6.264705882,-626.4705882
1165,Pennsylvania,2013,35.2,15-19,-6.82745098,-682.745098
1166,Pennsylvania,2014,32.6,15-19,-5.750980392,-575.0980392
1167,Pennsylvania,2015,30.2,15-19,-5.096078431,-509.6078431
1168,Pennsylvania,2016,27.4,15-19,-5.029411765,-502.9411765
1169,Pennsylvania,2017,25.7,15-19,-4.701960784,-470.1960784
1170,Rhode Island,1988,85.2,15-19,-15.582,-1558.2
1171,Rhode Island,1989,87.25,15-19,-13.365,-1336.5
1172,Rhode Island,1990,89.3,15-19,-11.148,-1114.8
1173,Rhode Island,1991,91.35,15-19,-8.931,-893.1
1174,Rhode Island,1992,93.4,15-19,-6.714,-671.4
1175,Rhode Island,1993,90.125,15-19,-6.601,-660.1
1176,Rhode Island,1994,86.85,15-19,-6.488,-648.8
1177,Rhode Island,1995,83.575,15-19,-6.375,-637.5
1178,Rhode Island,1996,80.3,15-19,-6.262,-626.2
1179,Rhode Island,1997,76.55,15-19,-7.5445,-754.45
1180,Rhode Island,1998,72.8,15-19,-8.827,-882.7
1181,Rhode Island,1999,69.05,15-19,-10.1095,-1010.95
1182,Rhode Island,2000,65.3,15-19,-12.27647059,-1227.647059
1183,Rhode Island,2001,63.32,15-19,-11.61803922,-1161.803922
1184,Rhode Island,2002,61.34,15-19,-10.95960784,-1095.960784
1185,Rhode Island,2003,59.36,15-19,-10.30117647,-1030.117647
1186,Rhode Island,2004,57.38,15-19,-9.642745098,-964.2745098
1187,Rhode Island,2005,55.4,15-19,-8.984313725,-898.4313725
1188,Rhode Island,2006,54.7,15-19,-11.51176471,-1151.176471
1189,Rhode Island,2007,55.6,15-19,-11.20784314,-1120.784314
1190,Rhode Island,2008,53.5,15-19,-11.88823529,-1188.823529
1191,Rhode Island,2009,48.9,15-19,-12.2745098,-1227.45098
1192,Rhode Island,2010,44.3,15-19,-11.31568627,-1131.568627
1193,Rhode Island,2011,41.4,15-19,-9.401960784,-940.1960784
1194,Rhode Island,2012,36.2,15-19,-10.56470588,-1056.470588
1195,Rhode Island,2013,31.7,15-19,-10.32745098,-1032.745098
1196,Rhode Island,2014,27,15-19,-11.35098039,-1135.098039
1197,Rhode Island,2015,26.2,15-19,-9.096078431,-909.6078431
1198,Rhode Island,2016,24.8,15-19,-7.629411765,-762.9411765
1199,Rhode Island,2017,22.1,15-19,-8.301960784,-830.1960784
1200,South Carolina,1988,114,15-19,13.218,1321.8
1201,South Carolina,1989,112.75,15-19,12.135,1213.5
1202,South Carolina,1990,111.5,15-19,11.052,1105.2
1203,South Carolina,1991,110.25,15-19,9.969,996.9
1204,South Carolina,1992,109,15-19,8.886,888.6
1205,South Carolina,1993,104.975,15-19,8.249,824.9
1206,South Carolina,1994,100.95,15-19,7.612,761.2
1207,South Carolina,1995,96.925,15-19,6.975,697.5
1208,South Carolina,1996,92.9,15-19,6.338,633.8
1209,South Carolina,1997,91.7,15-19,7.6055,760.55
1210,South Carolina,1998,90.5,15-19,8.873,887.3
1211,South Carolina,1999,89.3,15-19,10.1405,1014.05
1212,South Carolina,2000,88.1,15-19,10.52352941,1052.352941
1213,South Carolina,2001,85.62,15-19,10.68196078,1068.196078
1214,South Carolina,2002,83.14,15-19,10.84039216,1084.039216
1215,South Carolina,2003,80.66,15-19,10.99882353,1099.882353
1216,South Carolina,2004,78.18,15-19,11.1572549,1115.72549
1217,South Carolina,2005,75.7,15-19,11.31568627,1131.568627
1218,South Carolina,2006,79.4,15-19,13.18823529,1318.823529
1219,South Carolina,2007,79.2,15-19,12.39215686,1239.215686
1220,South Carolina,2008,76.7,15-19,11.31176471,1131.176471
1221,South Carolina,2009,71.8,15-19,10.6254902,1062.54902
1222,South Carolina,2010,66,15-19,10.38431373,1038.431373
1223,South Carolina,2011,58.6,15-19,7.798039216,779.8039216
1224,South Carolina,2012,54.6,15-19,7.835294118,783.5294118
1225,South Carolina,2013,48,15-19,5.97254902,597.254902
1226,South Carolina,2014,43.1,15-19,4.749019608,474.9019608
1227,South Carolina,2015,39.6,15-19,4.303921569,430.3921569
1228,South Carolina,2016,35.8,15-19,3.370588235,337.0588235
1229,South Carolina,2017,33.6,15-19,3.198039216,319.8039216
1230,South Dakota,1988,72,15-19,-28.782,-2878.2
1231,South Dakota,1989,72.45,15-19,-28.165,-2816.5
1232,South Dakota,1990,72.9,15-19,-27.548,-2754.8
1233,South Dakota,1991,73.35,15-19,-26.931,-2693.1
1234,South Dakota,1992,73.8,15-19,-26.314,-2631.4
1235,South Dakota,1993,70.5,15-19,-26.226,-2622.6
1236,South Dakota,1994,67.2,15-19,-26.138,-2613.8
1237,South Dakota,1995,63.9,15-19,-26.05,-2605
1238,South Dakota,1996,60.6,15-19,-25.962,-2596.2
1239,South Dakota,1997,58.8,15-19,-25.2945,-2529.45
1240,South Dakota,1998,57,15-19,-24.627,-2462.7
1241,South Dakota,1999,55.2,15-19,-23.9595,-2395.95
1242,South Dakota,2000,53.4,15-19,-24.17647059,-2417.647059
1243,South Dakota,2001,52.78,15-19,-22.15803922,-2215.803922
1244,South Dakota,2002,52.16,15-19,-20.13960784,-2013.960784
1245,South Dakota,2003,51.54,15-19,-18.12117647,-1812.117647
1246,South Dakota,2004,50.92,15-19,-16.1027451,-1610.27451
1247,South Dakota,2005,50.3,15-19,-14.08431373,-1408.431373
1248,South Dakota,2006,52.4,15-19,-13.81176471,-1381.176471
1249,South Dakota,2007,56.5,15-19,-10.30784314,-1030.784314
1250,South Dakota,2008,52.9,15-19,-12.48823529,-1248.823529
1251,South Dakota,2009,52.4,15-19,-8.774509804,-877.4509804
1252,South Dakota,2010,46.4,15-19,-9.215686275,-921.5686275
1253,South Dakota,2011,46.6,15-19,-4.201960784,-420.1960784
1254,South Dakota,2012,44.4,15-19,-2.364705882,-236.4705882
1255,South Dakota,2013,39.1,15-19,-2.92745098,-292.745098
1256,South Dakota,2014,35.8,15-19,-2.550980392,-255.0980392
1257,South Dakota,2015,34.7,15-19,-0.596078431,-59.60784314
1258,South Dakota,2016,32.7,15-19,0.270588235,27.05882353
1259,South Dakota,2017,30.4,15-19,-0.001960784,-0.196078431
1260,Tennessee,1988,110.3,15-19,9.518,951.8
1261,Tennessee,1989,110.55,15-19,9.935,993.5
1262,Tennessee,1990,110.8,15-19,10.352,1035.2
1263,Tennessee,1991,111.05,15-19,10.769,1076.9
1264,Tennessee,1992,111.3,15-19,11.186,1118.6
1265,Tennessee,1993,107.625,15-19,10.899,1089.9
1266,Tennessee,1994,103.95,15-19,10.612,1061.2
1267,Tennessee,1995,100.275,15-19,10.325,1032.5
1268,Tennessee,1996,96.6,15-19,10.038,1003.8
1269,Tennessee,1997,94.55,15-19,10.4555,1045.55
1270,Tennessee,1998,92.5,15-19,10.873,1087.3
1271,Tennessee,1999,90.45,15-19,11.2905,1129.05
1272,Tennessee,2000,88.4,15-19,10.82352941,1082.352941
1273,Tennessee,2001,86.12,15-19,11.18196078,1118.196078
1274,Tennessee,2002,83.84,15-19,11.54039216,1154.039216
1275,Tennessee,2003,81.56,15-19,11.89882353,1189.882353
1276,Tennessee,2004,79.28,15-19,12.2572549,1225.72549
1277,Tennessee,2005,77,15-19,12.61568627,1261.568627
1278,Tennessee,2006,77,15-19,10.78823529,1078.823529
1279,Tennessee,2007,76.8,15-19,9.992156863,999.2156863
1280,Tennessee,2008,75.7,15-19,10.31176471,1031.176471
1281,Tennessee,2009,69.9,15-19,8.725490196,872.5490196
1282,Tennessee,2010,62.6,15-19,6.984313725,698.4313725
1283,Tennessee,2011,58.2,15-19,7.398039216,739.8039216
1284,Tennessee,2012,54.6,15-19,7.835294118,783.5294118
1285,Tennessee,2013,49.3,15-19,7.27254902,727.254902
1286,Tennessee,2014,46.7,15-19,8.349019608,834.9019608
1287,Tennessee,2015,42.8,15-19,7.503921569,750.3921569
1288,Tennessee,2016,39,15-19,6.570588235,657.0588235
1289,Tennessee,2017,36.7,15-19,6.298039216,629.8039216
1290,Texas,1988,116.3,15-19,15.518,1551.8
1291,Texas,1989,117.7,15-19,17.085,1708.5
1292,Texas,1990,119.1,15-19,18.652,1865.2
1293,Texas,1991,120.5,15-19,20.219,2021.9
1294,Texas,1992,121.9,15-19,21.786,2178.6
1295,Texas,1993,119.525,15-19,22.799,2279.9
1296,Texas,1994,117.15,15-19,23.812,2381.2
1297,Texas,1995,114.775,15-19,24.825,2482.5
1298,Texas,1996,112.4,15-19,25.838,2583.8
1299,Texas,1997,109.575,15-19,25.4805,2548.05
1300,Texas,1998,106.75,15-19,25.123,2512.3
1301,Texas,1999,103.925,15-19,24.7655,2476.55
1302,Texas,2000,101.1,15-19,23.52352941,2352.352941
1303,Texas,2001,98.32,15-19,23.38196078,2338.196078
1304,Texas,2002,95.54,15-19,23.24039216,2324.039216
1305,Texas,2003,92.76,15-19,23.09882353,2309.882353
1306,Texas,2004,89.98,15-19,22.9572549,2295.72549
1307,Texas,2005,87.2,15-19,22.81568627,2281.568627
1308,Texas,2006,90.6,15-19,24.38823529,2438.823529
1309,Texas,2007,90.1,15-19,23.29215686,2329.215686
1310,Texas,2008,88.7,15-19,23.31176471,2331.176471
1311,Texas,2009,84.5,15-19,23.3254902,2332.54902
1312,Texas,2010,75.9,15-19,20.28431373,2028.431373
1313,Texas,2011,67.7,15-19,16.89803922,1689.803922
1314,Texas,2012,63.1,15-19,16.33529412,1633.529412
1315,Texas,2013,57.7,15-19,15.67254902,1567.254902
1316,Texas,2014,51.7,15-19,13.34901961,1334.901961
1317,Texas,2015,47.3,15-19,12.00392157,1200.392157
1318,Texas,2016,42.6,15-19,10.17058824,1017.058824
1319,Texas,2017,38.7,15-19,8.298039216,829.8039216
1320,Utah,1988,72.3,15-19,-28.482,-2848.2
1321,Utah,1989,70.375,15-19,-30.24,-3024
1322,Utah,1990,68.45,15-19,-31.998,-3199.8
1323,Utah,1991,66.525,15-19,-33.756,-3375.6
1324,Utah,1992,64.6,15-19,-35.514,-3551.4
1325,Utah,1993,62.825,15-19,-33.901,-3390.1
1326,Utah,1994,61.05,15-19,-32.288,-3228.8
1327,Utah,1995,59.275,15-19,-30.675,-3067.5
1328,Utah,1996,57.5,15-19,-29.062,-2906.2
1329,Utah,1997,56.1,15-19,-27.9945,-2799.45
1330,Utah,1998,54.7,15-19,-26.927,-2692.7
1331,Utah,1999,53.3,15-19,-25.8595,-2585.95
1332,Utah,2000,51.9,15-19,-25.67647059,-2567.647059
1333,Utah,2001,50.08,15-19,-24.85803922,-2485.803922
1334,Utah,2002,48.26,15-19,-24.03960784,-2403.960784
1335,Utah,2003,46.44,15-19,-23.22117647,-2322.117647
1336,Utah,2004,44.62,15-19,-22.4027451,-2240.27451
1337,Utah,2005,42.8,15-19,-21.58431373,-2158.431373
1338,Utah,2006,46.5,15-19,-19.71176471,-1971.176471
1339,Utah,2007,49.2,15-19,-17.60784314,-1760.784314
1340,Utah,2008,47.9,15-19,-17.48823529,-1748.823529
1341,Utah,2009,42.2,15-19,-18.9745098,-1897.45098
1342,Utah,2010,38.1,15-19,-17.51568627,-1751.568627
1343,Utah,2011,33,15-19,-17.80196078,-1780.196078
1344,Utah,2012,32,15-19,-14.76470588,-1476.470588
1345,Utah,2013,28.7,15-19,-13.32745098,-1332.745098
1346,Utah,2014,27.1,15-19,-11.25098039,-1125.098039
1347,Utah,2015,24.8,15-19,-10.49607843,-1049.607843
1348,Utah,2016,22,15-19,-10.42941176,-1042.941176
1349,Utah,2017,21.5,15-19,-8.901960784,-890.1960784
1350,Vermont,1988,80.8,15-19,-19.982,-1998.2
1351,Vermont,1989,78.35,15-19,-22.265,-2226.5
1352,Vermont,1990,75.9,15-19,-24.548,-2454.8
1353,Vermont,1991,73.45,15-19,-26.831,-2683.1
1354,Vermont,1992,71,15-19,-29.114,-2911.4
1355,Vermont,1993,68.475,15-19,-28.251,-2825.1
1356,Vermont,1994,65.95,15-19,-27.388,-2738.8
1357,Vermont,1995,63.425,15-19,-26.525,-2652.5
1358,Vermont,1996,60.9,15-19,-25.662,-2566.2
1359,Vermont,1997,56.55,15-19,-27.5445,-2754.45
1360,Vermont,1998,52.2,15-19,-29.427,-2942.7
1361,Vermont,1999,47.85,15-19,-31.3095,-3130.95
1362,Vermont,2000,43.5,15-19,-34.07647059,-3407.647059
1363,Vermont,2001,42.36,15-19,-32.57803922,-3257.803922
1364,Vermont,2002,41.22,15-19,-31.07960784,-3107.960784
1365,Vermont,2003,40.08,15-19,-29.58117647,-2958.117647
1366,Vermont,2004,38.94,15-19,-28.0827451,-2808.27451
1367,Vermont,2005,37.8,15-19,-26.58431373,-2658.431373
1368,Vermont,2006,38.9,15-19,-27.31176471,-2731.176471
1369,Vermont,2007,39.3,15-19,-27.50784314,-2750.784314
1370,Vermont,2008,38.5,15-19,-26.88823529,-2688.823529
1371,Vermont,2009,32.2,15-19,-28.9745098,-2897.45098
1372,Vermont,2010,31.8,15-19,-23.81568627,-2381.568627
1373,Vermont,2011,31.5,15-19,-19.30196078,-1930.196078
1374,Vermont,2012,29.2,15-19,-17.56470588,-1756.470588
1375,Vermont,2013,27.9,15-19,-14.12745098,-1412.745098
1376,Vermont,2014,26,15-19,-12.35098039,-1235.098039
1377,Vermont,2015,20.8,15-19,-14.49607843,-1449.607843
1378,Vermont,2016,20,15-19,-12.42941176,-1242.941176
1379,Vermont,2017,17.6,15-19,-12.80196078,-1280.196078
1380,Virginia,1988,103.7,15-19,2.918,291.8
1381,Virginia,1989,102.925,15-19,2.31,231
1382,Virginia,1990,102.15,15-19,1.702,170.2
1383,Virginia,1991,101.375,15-19,1.094,109.4
1384,Virginia,1992,100.6,15-19,0.486,48.6
1385,Virginia,1993,97.2,15-19,0.474,47.4
1386,Virginia,1994,93.8,15-19,0.462,46.2
1387,Virginia,1995,90.4,15-19,0.45,45
1388,Virginia,1996,87,15-19,0.438,43.8
1389,Virginia,1997,83.175,15-19,-0.9195,-91.95
1390,Virginia,1998,79.35,15-19,-2.277,-227.7
1391,Virginia,1999,75.525,15-19,-3.6345,-363.45
1392,Virginia,2000,71.7,15-19,-5.876470588,-587.6470588
1393,Virginia,2001,69.3,15-19,-5.638039216,-563.8039216
1394,Virginia,2002,66.9,15-19,-5.399607843,-539.9607843
1395,Virginia,2003,64.5,15-19,-5.161176471,-516.1176471
1396,Virginia,2004,62.1,15-19,-4.922745098,-492.2745098
1397,Virginia,2005,59.7,15-19,-4.684313725,-468.4313725
1398,Virginia,2006,59.6,15-19,-6.611764706,-661.1764706
1399,Virginia,2007,59.6,15-19,-7.207843137,-720.7843137
1400,Virginia,2008,56,15-19,-9.388235294,-938.8235294
1401,Virginia,2009,52.8,15-19,-8.374509804,-837.4509804
1402,Virginia,2010,48.2,15-19,-7.415686275,-741.5686275
1403,Virginia,2011,43,15-19,-7.801960784,-780.1960784
1404,Virginia,2012,39.8,15-19,-6.964705882,-696.4705882
1405,Virginia,2013,35.8,15-19,-6.22745098,-622.745098
1406,Virginia,2014,30.5,15-19,-7.850980392,-785.0980392
1407,Virginia,2015,28.7,15-19,-6.596078431,-659.6078431
1408,Virginia,2016,26.1,15-19,-6.329411765,-632.9411765
1409,Virginia,2017,24.6,15-19,-5.801960784,-580.1960784
1410,Washington,1988,106.8,15-19,6.018,601.8
1411,Washington,1989,106.925,15-19,6.31,631
1412,Washington,1990,107.05,15-19,6.602,660.2
1413,Washington,1991,107.175,15-19,6.894,689.4
1414,Washington,1992,107.3,15-19,7.186,718.6
1415,Washington,1993,102.1,15-19,5.374,537.4
1416,Washington,1994,96.9,15-19,3.562,356.2
1417,Washington,1995,91.7,15-19,1.75,175
1418,Washington,1996,86.5,15-19,-0.062,-6.2
1419,Washington,1997,83.65,15-19,-0.4445,-44.45
1420,Washington,1998,80.8,15-19,-0.827,-82.7
1421,Washington,1999,77.95,15-19,-1.2095,-120.95
1422,Washington,2000,75.1,15-19,-2.476470588,-247.6470588
1423,Washington,2001,71.92,15-19,-3.018039216,-301.8039216
1424,Washington,2002,68.74,15-19,-3.559607843,-355.9607843
1425,Washington,2003,65.56,15-19,-4.101176471,-410.1176471
1426,Washington,2004,62.38,15-19,-4.642745098,-464.2745098
1427,Washington,2005,59.2,15-19,-5.184313725,-518.4313725
1428,Washington,2006,60.5,15-19,-5.711764706,-571.1764706
1429,Washington,2007,62.6,15-19,-4.207843137,-420.7843137
1430,Washington,2008,60.7,15-19,-4.688235294,-468.8235294
1431,Washington,2009,55.9,15-19,-5.274509804,-527.4509804
1432,Washington,2010,49.8,15-19,-5.815686275,-581.5686275
1433,Washington,2011,46.7,15-19,-4.101960784,-410.1960784
1434,Washington,2012,42.1,15-19,-4.664705882,-466.4705882
1435,Washington,2013,36.9,15-19,-5.12745098,-512.745098
1436,Washington,2014,34,15-19,-4.350980392,-435.0980392
1437,Washington,2015,31.6,15-19,-3.696078431,-369.6078431
1438,Washington,2016,29.4,15-19,-3.029411765,-302.9411765
1439,Washington,2017,26.6,15-19,-3.801960784,-380.1960784
1440,West Virginia,1988,78.3,15-19,-22.482,-2248.2
1441,West Virginia,1989,80.05,15-19,-20.565,-2056.5
1442,West Virginia,1990,81.8,15-19,-18.648,-1864.8
1443,West Virginia,1991,83.55,15-19,-16.731,-1673.1
1444,West Virginia,1992,85.3,15-19,-14.814,-1481.4
1445,West Virginia,1993,82.575,15-19,-14.151,-1415.1
1446,West Virginia,1994,79.85,15-19,-13.488,-1348.8
1447,West Virginia,1995,77.125,15-19,-12.825,-1282.5
1448,West Virginia,1996,74.4,15-19,-12.162,-1216.2
1449,West Virginia,1997,72.4,15-19,-11.6945,-1169.45
1450,West Virginia,1998,70.4,15-19,-11.227,-1122.7
1451,West Virginia,1999,68.4,15-19,-10.7595,-1075.95
1452,West Virginia,2000,66.4,15-19,-11.17647059,-1117.647059
1453,West Virginia,2001,65.1,15-19,-9.838039216,-983.8039216
1454,West Virginia,2002,63.8,15-19,-8.499607843,-849.9607843
1455,West Virginia,2003,62.5,15-19,-7.161176471,-716.1176471
1456,West Virginia,2004,61.2,15-19,-5.822745098,-582.2745098
1457,West Virginia,2005,59.9,15-19,-4.484313725,-448.4313725
1458,West Virginia,2006,61.3,15-19,-4.911764706,-491.1764706
1459,West Virginia,2007,64.3,15-19,-2.507843137,-250.7843137
1460,West Virginia,2008,64.7,15-19,-0.688235294,-68.82352941
1461,West Virginia,2009,67.6,15-19,6.425490196,642.5490196
1462,West Virginia,2010,64.5,15-19,8.884313725,888.4313725
1463,West Virginia,2011,63.3,15-19,12.49803922,1249.803922
1464,West Virginia,2012,59.6,15-19,12.83529412,1283.529412
1465,West Virginia,2013,53.8,15-19,11.77254902,1177.254902
1466,West Virginia,2014,49.6,15-19,11.24901961,1124.901961
1467,West Virginia,2015,43.2,15-19,7.903921569,790.3921569
1468,West Virginia,2016,40.4,15-19,7.970588235,797.0588235
1469,West Virginia,2017,37.1,15-19,6.698039216,669.8039216
1470,Wisconsin,1988,77,15-19,-23.782,-2378.2
1471,Wisconsin,1989,76,15-19,-24.615,-2461.5
1472,Wisconsin,1990,75,15-19,-25.448,-2544.8
1473,Wisconsin,1991,74,15-19,-26.281,-2628.1
1474,Wisconsin,1992,73,15-19,-27.114,-2711.4
1475,Wisconsin,1993,70.15,15-19,-26.576,-2657.6
1476,Wisconsin,1994,67.3,15-19,-26.038,-2603.8
1477,Wisconsin,1995,64.45,15-19,-25.5,-2550
1478,Wisconsin,1996,61.6,15-19,-24.962,-2496.2
1479,Wisconsin,1997,60.025,15-19,-24.0695,-2406.95
1480,Wisconsin,1998,58.45,15-19,-23.177,-2317.7
1481,Wisconsin,1999,56.875,15-19,-22.2845,-2228.45
1482,Wisconsin,2000,55.3,15-19,-22.27647059,-2227.647059
1483,Wisconsin,2001,53.46,15-19,-21.47803922,-2147.803922
1484,Wisconsin,2002,51.62,15-19,-20.67960784,-2067.960784
1485,Wisconsin,2003,49.78,15-19,-19.88117647,-1988.117647
1486,Wisconsin,2004,47.94,15-19,-19.0827451,-1908.27451
1487,Wisconsin,2005,46.1,15-19,-18.28431373,-1828.431373
1488,Wisconsin,2006,45.6,15-19,-20.61176471,-2061.176471
1489,Wisconsin,2007,46.3,15-19,-20.50784314,-2050.784314
1490,Wisconsin,2008,45.2,15-19,-20.18823529,-2018.823529
1491,Wisconsin,2009,43.7,15-19,-17.4745098,-1747.45098
1492,Wisconsin,2010,39.1,15-19,-16.51568627,-1651.568627
1493,Wisconsin,2011,34.3,15-19,-16.50196078,-1650.196078
1494,Wisconsin,2012,31.7,15-19,-15.06470588,-1506.470588
1495,Wisconsin,2013,28.4,15-19,-13.62745098,-1362.745098
1496,Wisconsin,2014,26.6,15-19,-11.75098039,-1175.098039
1497,Wisconsin,2015,24.4,15-19,-10.89607843,-1089.607843
1498,Wisconsin,2016,22.5,15-19,-9.929411765,-992.9411765
1499,Wisconsin,2017,20.8,15-19,-9.601960784,-960.1960784
1500,Wyoming,1988,84.7,15-19,-16.082,-1608.2
1501,Wyoming,1989,83.8,15-19,-16.815,-1681.5
1502,Wyoming,1990,82.9,15-19,-17.548,-1754.8
1503,Wyoming,1991,82,15-19,-18.281,-1828.1
1504,Wyoming,1992,81.1,15-19,-19.014,-1901.4
1505,Wyoming,1993,79.05,15-19,-17.676,-1767.6
1506,Wyoming,1994,77,15-19,-16.338,-1633.8
1507,Wyoming,1995,74.95,15-19,-15,-1500
1508,Wyoming,1996,72.9,15-19,-13.662,-1366.2
1509,Wyoming,1997,74.3,15-19,-9.7945,-979.45
1510,Wyoming,1998,75.7,15-19,-5.927,-592.7
1511,Wyoming,1999,77.1,15-19,-2.0595,-205.95
1512,Wyoming,2000,78.5,15-19,0.923529412,92.35294118
1513,Wyoming,2001,75.62,15-19,0.681960784,68.19607843
1514,Wyoming,2002,72.74,15-19,0.440392157,44.03921569
1515,Wyoming,2003,69.86,15-19,0.198823529,19.88235294
1516,Wyoming,2004,66.98,15-19,-0.042745098,-4.274509804
1517,Wyoming,2005,64.1,15-19,-0.284313725,-28.43137255
1518,Wyoming,2006,67.7,15-19,1.488235294,148.8235294
1519,Wyoming,2007,72.3,15-19,5.492156863,549.2156863
1520,Wyoming,2008,67.8,15-19,2.411764706,241.1764706
1521,Wyoming,2009,61.8,15-19,0.625490196,62.54901961
1522,Wyoming,2010,56.2,15-19,0.584313725,58.43137255
1523,Wyoming,2011,52,15-19,1.198039216,119.8039216
1524,Wyoming,2012,49.7,15-19,2.935294118,293.5294118
1525,Wyoming,2013,41.9,15-19,-0.12745098,-12.74509804
1526,Wyoming,2014,43.2,15-19,4.849019608,484.9019608
1527,Wyoming,2015,40.1,15-19,4.803921569,480.3921569
1528,Wyoming,2016,36.7,15-19,4.270588235,427.0588235
1529,Wyoming,2017,34.5,15-19,4.098039216,409.8039216
