NAME,ORIGIN,RACE,2000,2001,2002,2003,2004,2005,2006,2007,2008,2009,2010
Alabama,1,0,4375157,4381912,4385910,4400019,4417445,4444983,4491139,4522188,4554497,4581420,4598451
Alabama,1,1,3131028,3128439,3124451,3127696,3132265,3144397,3167057,3181159,3194543,3205366,3208616
Alabama,1,2,1154109,1159749,1163654,1169990,1177537,1187604,1205350,1216925,1230092,1240016,1249297
Alabama,1,3,21956,22283,22649,23102,23448,23799,24303,24786,25214,25569,26110
Alabama,1,4,31978,33290,35066,37085,39733,42362,44890,47144,49371,52244,53841
Alabama,1,5,1083,1161,1233,1326,1424,1469,1618,1659,1802,1854,2023
Alabama,1,6,35003,36990,38857,40820,43038,45352,47921,50515,53475,56371,58564
Alabama,2,0,77016,85722,94179,103472,113284,124822,137842,150652,163709,176518,186847
Alabama,2,1,65847,72948,79828,87383,95507,105046,115999,126846,137598,147878,155849
Alabama,2,2,7345,7654,8018,8408,8838,9458,10131,10695,11521,12291,13044
Alabama,2,3,1306,1801,2317,2818,3307,3807,4363,4880,5508,6256,6898
Alabama,2,4,566,681,744,844,979,1044,1140,1310,1312,1503,1669
Alabama,2,5,525,802,1039,1299,1559,1821,2092,2337,2641,2942,3179
Alabama,2,6,1427,1836,2233,2720,3094,3646,4117,4584,5129,5648,6208
Alaska,1,0,602000,605725,612394,616997,626407,632524,639797,644071,650199,660663,674115
Alaska,1,1,426371,427257,430259,431601,436721,439277,443017,444259,446429,450661,458206
Alaska,1,2,21214,21525,22014,21786,21895,21579,21508,21667,21775,21723,22270
Alaska,1,3,97082,97176,97482,97992,98883,99703,100292,100427,100932,102248,103350
Alaska,1,4,25466,26542,27740,29066,30183,31402,32249,33103,34381,36610,38079
Alaska,1,5,3307,3586,3973,4383,4733,5112,5387,5781,6172,6781,7293
Alaska,1,6,28560,29639,30926,32169,33992,35451,37344,38834,40510,42640,44917
Alaska,2,0,25963,27989,29943,31417,32879,34422,35505,36229,37256,38232,39870
Alaska,2,1,20135,21345,22525,23311,24124,24924,25435,25737,26153,26708,27738
Alaska,2,2,1629,1744,1824,1847,1946,1998,2036,2118,2180,2256,2312
Alaska,2,3,1849,2156,2487,2725,2952,3185,3311,3376,3474,3521,3561
Alaska,2,4,541,656,742,863,894,948,1009,969,1107,1116,1146
Alaska,2,5,183,233,284,312,340,376,397,388,417,410,400
Alaska,2,6,1626,1855,2081,2359,2623,2991,3317,3641,3925,4221,4713
Arizona,1,0,3851197,3906561,3969818,4029456,4111398,4220738,4327178,4394036,4449496,4476334,4504823
Arizona,1,1,3303962,3341475,3384155,3423719,3481436,3557990,3626365,3662620,3690345,3697254,3709615
Arizona,1,2,152868,158955,165509,171619,180398,191685,205279,216675,227716,236554,241661
Arizona,1,3,237071,237858,240182,242579,244897,248601,252534,255265,257690,257580,258929
Arizona,1,4,92690,99053,105993,112539,120138,131191,144499,154566,162847,168607,173480
Arizona,1,5,6010,6416,6831,7366,7732,8499,9158,9836,10333,10810,11201
Arizona,1,6,58596,62804,67148,71634,76797,82772,89343,95074,100565,105529,109937
Arizona,2,0,1309389,1366916,1426437,1480908,1541006,1618339,1701963,1773645,1830866,1866820,1908914
Arizona,2,1,1238499,1288261,1339329,1384616,1434313,1499552,1569768,1628022,1671469,1694680,1726164
Arizona,2,2,17154,18840,20631,22560,24773,27313,30357,33082,35796,38040,40281
Arizona,2,3,31113,34077,37420,41145,45315,50243,55768,61533,67572,73151,77547
Arizona,2,4,6580,7156,7761,8490,9404,10520,11643,12778,13839,15107,16150
Arizona,2,5,2736,2932,3130,3279,3565,3885,4154,4521,4830,4918,4984
Arizona,2,6,13307,15650,18166,20818,23636,26826,30273,33709,37360,40924,43788
Arkansas,1,0,2590784,2595045,2600233,2609192,2624583,2643949,2672178,2688253,2704323,2717804,2734131
Arkansas,1,1,2105483,2104830,2105247,2108659,2117106,2128968,2146233,2156030,2164283,2170258,2178080
Arkansas,1,2,418409,420322,421924,423821,426627,429497,435995,437897,441886,444630,449250
Arkansas,1,3,16880,17267,17565,17851,18126,18707,19008,19448,19747,20081,20344
Arkansas,1,4,20558,21512,22713,24260,26191,28145,30059,31707,33014,34903,36264
Arkansas,1,5,1670,2049,2413,2767,3086,3442,3887,4232,4621,5142,5644
Arkansas,1,6,27784,29065,30371,31834,33447,35190,36996,38939,40772,42790,44549
Arkansas,2,0,87804,96526,105694,115624,125103,137148,149583,160397,170231,179039,187475
Arkansas,2,1,80960,88653,96780,105597,113978,124535,135598,145091,153486,161022,167847
Arkansas,2,2,3284,3541,3783,4017,4255,4668,5076,5451,5735,6003,6188
Arkansas,2,3,1431,1774,2125,2495,2887,3325,3693,4205,4725,5085,5867
Arkansas,2,4,542,654,724,796,869,962,1057,1103,1232,1357,1447
Arkansas,2,5,316,375,446,518,578,675,754,789,856,994,1041
Arkansas,2,6,1271,1529,1836,2201,2536,2983,3405,3758,4197,4578,5085
California,1,0,22933424,23095496,23166048,23223144,23239009,23208112,23145097,23114006,23156344,23201362,23259948
California,1,1,16041289,16030167,15953726,15870991,15759038,15600864,15420026,15272290,15177450,15093398,15016524
California,1,2,2212229,2217767,2218413,2216811,2214371,2206427,2197071,2187067,2184581,2185021,2189724
California,1,3,183335,181977,179962,178072,176062,173893,171109,168700,167004,165476,164858
California,1,4,3750948,3890939,4011189,4125032,4229020,4337573,4439806,4539148,4646658,4742912,4840371
California,1,5,109690,112802,115790,118552,120734,122825,124767,126810,128990,130621,133266
California,1,6,635933,661844,686968,713686,739784,766530,792318,819991,851661,883934,915205
California,2,0,11054553,11383962,11705795,12030015,12335567,12619831,12876105,13136305,13447993,13759867,14089415
California,2,1,10380076,10655714,10921061,11182604,11422478,11639112,11822717,12002619,12225440,12435684,12677441
California,2,2,172679,183853,194868,206220,217527,228903,240388,252852,267382,284546,301395
California,2,3,223817,238436,254214,273454,293560,315402,339158,365643,395314,430993,459480
California,2,4,103889,112053,120960,130860,141524,152418,164764,178118,192576,208659,222336
California,2,5,29641,31009,32632,34475,36233,38137,39940,41941,44114,46765,48976
California,2,6,144451,162897,182060,202402,224245,245859,269138,295132,323167,353220,379787
Colorado,1,0,3581629,3642418,3673383,3686392,3710269,3739469,3797117,3849687,3904831,3956704,4001370
Colorado,1,1,3230049,3277055,3297880,3304843,3319067,3340395,3384525,3425285,3467679,3506018,3537316
Colorado,1,2,161497,165681,168181,168150,171253,172006,176682,179624,183379,187380,191096
Colorado,1,3,29661,30295,30420,30304,30391,30483,30830,31125,31327,31573,31763
Colorado,1,4,96588,101819,106029,109438,112760,116416,120882,124887,128901,133431,137948
Colorado,1,5,4019,4278,4485,4551,4708,4740,4981,5175,5423,5631,5791
Colorado,1,6,59815,63290,66388,69106,72090,75429,79217,83591,88122,92671,97456
Colorado,2,0,745292,783269,817023,842340,864744,892419,923306,954181,984899,1015491,1047701
Colorado,2,1,694307,726752,754908,775374,791883,813320,837923,861723,883933,905942,929429
Colorado,2,2,12964,14044,15079,15810,16738,17695,18888,20092,21659,23263,24879
Colorado,2,3,20474,22396,24449,26123,28403,30821,33127,35811,39567,42969,46886
Colorado,2,4,3623,4082,4424,4717,5206,5736,6061,6449,6931,7414,7982
Colorado,2,5,1570,1715,1859,1970,2075,2093,2156,2302,2432,2632,2703
Colorado,2,6,12354,14280,16304,18346,20439,22754,25151,27804,30377,33271,35822
Connecticut,1,0,3087925,3094716,3105032,3115034,3113182,3110633,3104593,3097942,3098803,3096321,3095170
Connecticut,1,1,2656149,2652081,2649183,2646218,2634725,2621545,2605095,2588641,2578450,2565668,2555658
Connecticut,1,2,304268,308219,313096,317527,320245,323461,326710,329860,333692,337206,340153
Connecticut,1,3,7462,7486,7498,7580,7503,7443,7469,7441,7358,7264,7133
Connecticut,1,4,85298,90360,96724,103160,108241,113866,119013,123732,128789,133404,137437
Connecticut,1,5,1065,1081,1127,1133,1155,1164,1193,1214,1199,1229,1204
Connecticut,1,6,33683,35489,37404,39416,41313,43154,45113,47054,49315,51550,53585
Connecticut,2,0,323852,338119,353717,369302,382912,396323,412867,429328,446776,465486,481903
Connecticut,2,1,280206,291233,303398,314951,325031,335224,347378,359342,372443,385202,396192
Connecticut,2,2,31341,32873,34589,36551,38251,39661,41899,44135,46103,49637,52806
Connecticut,2,3,3429,3944,4439,5046,5581,6124,6687,7327,8030,8826,9661
Connecticut,2,4,1603,1729,1946,2190,2360,2477,2659,2893,3147,3408,3695
Connecticut,2,5,1162,1292,1392,1536,1649,1638,1836,1954,2093,2165,2307
Connecticut,2,6,6111,7048,7953,9028,10040,11199,12408,13677,14960,16248,17242
Delaware,1,0,748539,754791,761982,770404,779529,789775,799790,808600,817149,820915,825927
Delaware,1,1,570632,571435,573133,575506,578497,581414,584449,586356,588414,587417,588407
Delaware,1,2,150246,153734,157332,161073,164746,169705,174330,178760,182914,185440,187952
Delaware,1,3,2386,2504,2485,2604,2603,2670,2734,2744,2797,2801,2852
Delaware,1,4,16681,17744,18893,20269,21794,23159,24460,26006,27225,28241,28958
Delaware,1,5,254,281,283,279,282,257,264,279,257,250,258
Delaware,1,6,8340,9093,9856,10673,11607,12570,13553,14455,15542,16766,17500
Delaware,2,0,37834,40908,44187,47599,51274,55375,59478,63149,66725,70815,73842
Delaware,2,1,31912,34169,36697,39333,42177,45294,48383,51073,53639,56338,58206
Delaware,2,2,4160,4498,4850,5147,5554,6014,6497,7026,7479,8260,8826
Delaware,2,3,685,905,1115,1349,1564,1787,2029,2259,2516,2852,3082
Delaware,2,4,215,269,287,338,356,402,415,449,476,542,510
Delaware,2,5,107,158,175,218,238,266,311,326,367,422,432
Delaware,2,6,755,909,1063,1214,1385,1612,1843,2016,2248,2401,2786
District of Columbia,1,0,526780,527687,526104,520922,519511,518552,522159,525422,529790,538607,549196
District of Columbia,1,1,160987,165183,166730,166690,170521,175873,182018,188913,194433,203261,210962
District of Columbia,1,2,342238,338012,334276,328449,322140,315732,310933,307194,303625,302619,303459
District of Columbia,1,3,1317,1325,1336,1306,1351,1353,1399,1471,1436,1646,1331
District of Columbia,1,4,15543,15889,16042,16269,16878,16620,18263,17842,19626,19659,21235
District of Columbia,1,5,289,300,293,301,288,266,265,256,253,245,234
District of Columbia,1,6,6406,6978,7427,7907,8333,8708,9281,9746,10417,11177,11975
District of Columbia,2,0,45266,46817,47054,47580,48243,48584,48522,48982,50446,53621,55257
District of Columbia,2,1,36154,37409,37321,37307,37030,36740,36070,36291,37303,39957,41169
District of Columbia,2,2,6976,6963,7031,7294,7849,8053,8217,8174,8213,8341,8364
District of Columbia,2,3,657,754,873,963,1099,1186,1333,1419,1583,1688,1940
District of Columbia,2,4,360,383,393,425,459,496,527,536,570,622,553
District of Columbia,2,5,125,188,215,255,279,321,387,406,452,530,552
District of Columbia,2,6,994,1120,1221,1336,1527,1788,1988,2156,2325,2483,2679
Florida,1,0,13330434,13495307,13675840,13843763,14084049,14317971,14453010,14495706,14518143,14528337,14590123
Florida,1,1,10526083,10600052,10685703,10761008,10893061,11014262,11046317,11017541,10972476,10925505,10928474
Florida,1,2,2333824,2395074,2456955,2516457,2586416,2658862,2724733,2767644,2809655,2844226,2878861
Florida,1,3,43397,44441,45498,46394,47502,48377,48760,48740,48578,47933,48190
Florida,1,4,274201,291194,310984,330761,354119,379797,402688,419809,434104,446089,459089
Florida,1,5,7539,7949,8362,8789,9352,9879,10263,10539,10716,10992,11190
Florida,1,6,145390,156597,168338,180354,193599,206794,220249,231433,242614,253592,264319
Florida,2,0,2717081,2861659,3013530,3160322,3331269,3524067,3713980,3872136,4009162,4124307,4253203
Florida,2,1,2558290,2688222,2825353,2957016,3109064,3275266,3439163,3576313,3694923,3795088,3910695
Florida,2,2,105623,113259,120977,129057,139840,156833,172066,183235,192727,199328,206075
Florida,2,3,16293,19301,22020,24502,26600,29086,32458,35284,37474,39629,41361
Florida,2,4,8335,9062,9775,10523,11633,13228,14609,15694,16628,17294,17757
Florida,2,5,3588,3833,4136,4447,5013,5816,6385,6953,7340,7580,7738
Florida,2,6,24952,27982,31269,34777,39119,43838,49299,54657,60070,65388,69577
Georgia,1,0,7785727,7892910,7984971,8062660,8166678,8278963,8456150,8598820,8709842,8790441,8852692
Georgia,1,1,5161651,5195757,5219133,5234969,5261067,5291045,5346493,5388079,5415515,5425952,5433271
Georgia,1,2,2355363,2407426,2455646,2498460,2554810,2614226,2708272,2784152,2843924,2893337,2930586
Georgia,1,3,18158,18675,19030,19274,19707,19987,20652,21005,21247,21526,21712
Georgia,1,4,178427,192108,205684,218378,231893,247512,265386,281081,295660,307768,318750
Georgia,1,5,3492,3693,3878,4004,4285,4383,4783,4924,5152,5411,5487
Georgia,1,6,68636,75251,81600,87575,94916,101810,110564,119579,128344,136447,142886
Georgia,2,0,441576,484128,523285,560133,602574,646959,699663,751168,795001,830405,859895
Georgia,2,1,395338,431221,463190,493119,527689,563775,606604,647608,679272,702606,723043
Georgia,2,2,29411,32146,35058,38046,41822,45796,50897,56272,62682,68981,73287
Georgia,2,3,6351,8067,9991,11760,13612,15491,17655,19783,22465,24886,27168
Georgia,2,4,2879,3258,3632,3914,4217,4614,5060,5555,6130,6609,6823
Georgia,2,5,1900,2163,2528,2771,2999,3249,3504,3877,4149,4554,5041
Georgia,2,6,5697,7273,8886,10523,12235,14034,15943,18073,20303,22769,24533
Hawaii,1,0,1125530,1134502,1144570,1153482,1172183,1188072,1201408,1204528,1216882,1227612,1242620
Hawaii,1,1,280521,284829,288799,290704,295876,302106,307414,304847,308150,308699,310188
Hawaii,1,2,20778,22761,23951,23217,22226,22623,22332,20960,20723,20470,20175
Hawaii,1,3,2471,2767,2894,2981,3033,3118,3184,3061,3034,2990,2965
Hawaii,1,4,500296,499243,499386,500688,505819,507674,509062,509326,510902,513164,518433
Hawaii,1,5,110210,111385,112972,115003,117798,120028,121859,123477,125424,127267,129586
Hawaii,1,6,211254,213517,216568,220889,227431,232523,237557,242857,248649,255022,261273
Hawaii,2,0,87989,91446,95043,97672,101386,104657,108323,111147,115331,119105,121001
Hawaii,2,1,31122,32868,34317,34967,35607,36534,37399,37036,37798,38417,38525
Hawaii,2,2,2160,2205,2284,2263,2285,2441,2435,2404,2457,2525,2479
Hawaii,2,3,1213,1362,1509,1598,1659,1726,1859,1896,1991,2148,2179
Hawaii,2,4,12663,13033,13422,13729,14233,14434,14778,15022,15432,15703,15779
Hawaii,2,5,6259,6707,7159,7481,7852,8209,8488,8940,9221,9266,9093
Hawaii,2,6,34572,35271,36352,37634,39750,41313,43364,45849,48432,51046,52946
Idaho,1,0,1196392,1210895,1225534,1242686,1264494,1292896,1323174,1349883,1370464,1383621,1394127
Idaho,1,1,1147078,1159297,1172004,1186779,1206173,1231398,1258723,1282193,1300432,1311213,1320319
Idaho,1,2,4992,5543,5976,6414,6918,7438,7965,8450,8794,9190,8974
Idaho,1,3,15995,16153,16281,16357,16524,16845,17026,17226,17446,17566,17654
Idaho,1,4,12051,12564,12998,13768,14516,15471,16394,17363,17897,18408,18806
Idaho,1,5,1245,1381,1456,1518,1595,1709,1778,1980,2053,2181,2192
Idaho,1,6,15031,15957,16819,17850,18768,20035,21288,22671,23842,25063,26182
Idaho,2,0,103038,109067,114838,120694,127308,135345,145495,155222,163856,170818,177323
Idaho,2,1,96951,102016,106794,111745,117329,123975,132704,140959,148283,153997,159038
Idaho,2,2,937,1039,1122,1163,1255,1394,1541,1725,1776,1914,2014
Idaho,2,3,2604,3010,3449,3918,4338,4965,5564,6256,6942,7530,8200
Idaho,2,4,500,560,636,688,739,855,919,1076,1140,1258,1328
Idaho,2,5,234,275,312,336,357,391,455,487,508,519,585
Idaho,2,6,1812,2167,2525,2844,3290,3765,4312,4719,5207,5600,6158
Illinois,1,0,10889996,10886912,10872256,10854083,10842501,10817754,10803728,10806239,10805690,10806223,10804111
Illinois,1,1,8463959,8437752,8402531,8366970,8336546,8295679,8261379,8241479,8220384,8199983,8176300
Illinois,1,2,1866478,1865851,1863590,1859004,1856036,1850776,1847829,1844713,1841980,1840178,1841965
Illinois,1,3,18665,18810,18789,18758,18980,19009,19037,19102,19111,19146,19204
Illinois,1,4,432829,450338,467515,483553,498762,514077,530708,548686,564266,579422,592382
Illinois,1,5,3288,3361,3358,3311,3324,3290,3287,3280,3268,3214,3197
Illinois,1,6,104777,110800,116473,122487,128853,134923,141488,148979,156681,164280,171063
Illinois,2,0,1544165,1601533,1653300,1701923,1747272,1792149,1840227,1889627,1941348,1990555,2039055
Illinois,2,1,1462815,1512578,1556711,1597047,1633599,1668800,1706551,1745328,1785387,1821682,1859502
Illinois,2,2,37593,39461,41215,43180,45460,48085,50949,53951,57321,61087,64541
Illinois,2,3,18648,21700,24726,28050,31325,34736,38461,42210,46317,51176,54969
Illinois,2,4,7430,7886,8423,8969,9646,10516,11332,12228,13146,14117,14966
Illinois,2,5,4079,4087,4081,4106,4134,4188,4154,4207,4246,4291,4290
Illinois,2,6,13600,15821,18144,20571,23108,25824,28780,31703,34931,38202,40787
Indiana,1,0,5874540,5893291,5906558,5930402,5949791,5975259,6008312,6035946,6063091,6081468,6098250
Indiana,1,1,5234732,5238356,5237203,5245261,5248633,5257145,5270708,5280772,5291029,5293126,5295744
Indiana,1,2,510177,517776,524204,531592,538913,546808,556549,564672,572904,579705,586388
Indiana,1,3,13892,13984,14074,14027,14101,14153,14297,14365,14423,14400,14308
Indiana,1,4,60584,64367,68483,73096,77565,82305,87136,91619,95523,100090,103438
Indiana,1,5,1610,1663,1680,1698,1766,1824,1856,1867,1903,2010,1955
Indiana,1,6,53545,57145,60914,64728,68813,73024,77766,82651,87309,92137,96417
Indiana,2,0,217326,234469,249409,266236,283216,303357,324357,343653,361715,377857,392371
Indiana,2,1,201038,215708,228355,242732,257189,274490,292284,308541,323375,335718,346918
Indiana,2,2,8134,8998,9625,10557,11459,12416,13633,14936,16117,17712,18954
Indiana,2,3,2958,3555,4222,4861,5525,6150,6917,7590,8415,9320,10267
Indiana,2,4,1150,1279,1428,1466,1583,1783,1959,2052,2211,2360,2637
Indiana,2,5,780,916,974,979,1033,1145,1275,1347,1461,1553,1591
Indiana,2,6,3266,4013,4805,5641,6427,7373,8289,9187,10136,11194,12004
Iowa,1,0,2845653,2841527,2837448,2838968,2843863,2848038,2858930,2868170,2878915,2886829,2897187
Iowa,1,1,2715406,2706934,2698273,2694369,2693383,2691670,2695523,2697483,2700698,2701206,2705090
Iowa,1,2,61831,63498,65199,67079,69343,71957,75183,78722,82389,85543,87886
Iowa,1,3,8050,8200,8284,8365,8507,8523,8594,8651,8692,8809,8642
Iowa,1,4,37538,38420,39689,41311,42954,44458,46043,47537,49118,51150,53427
Iowa,1,5,925,1015,1038,1206,1248,1326,1412,1550,1536,1672,1831
Iowa,1,6,21903,23460,24965,26638,28428,30104,32175,34227,36482,38449,40311
Iowa,2,0,83414,90470,96786,103031,109772,116416,123714,131042,137819,146041,152696
Iowa,2,1,77893,84039,89557,94947,100833,106570,112899,118973,124843,131745,137095
Iowa,2,2,1846,2043,2161,2359,2532,2745,2899,3189,3408,3732,4019
Iowa,2,3,1490,1773,2082,2352,2633,2898,3223,3725,4066,4477,4941
Iowa,2,4,488,556,603,629,687,719,813,870,884,1015,1040
Iowa,2,5,227,273,302,349,361,404,417,463,466,537,572
Iowa,2,6,1470,1786,2081,2395,2726,3080,3463,3822,4152,4535,5029
Kansas,1,0,2503048,2501442,2503035,2502650,2504249,2504648,2511304,2520130,2531332,2543151,2556860
Kansas,1,1,2240250,2234088,2229920,2224747,2221270,2217682,2218707,2221452,2224794,2229389,2235927
Kansas,1,2,152869,153226,153960,154009,154811,154617,156714,157996,160649,162018,164044
Kansas,1,3,22586,22693,22825,22931,23080,23172,23106,23077,23027,23282,23224
Kansas,1,4,47869,49932,52545,54857,56708,58487,59880,61862,63926,66152,68113
Kansas,1,5,1199,1330,1373,1454,1503,1644,1624,1679,1799,1853,2025
Kansas,1,6,38275,40173,42412,44652,46877,49046,51273,54064,57137,60457,63527
Kansas,2,0,190633,200720,210500,220354,230124,240651,251627,263655,276744,289553,302309
Kansas,2,1,177583,186180,194386,202749,211049,219616,228385,238277,248862,259222,269485
Kansas,2,2,4907,5266,5591,5815,6216,6687,7234,7950,8604,9230,9824
Kansas,2,3,3587,4033,4574,5035,5480,6103,6787,7355,8066,9033,9927
Kansas,2,4,964,1018,1059,1178,1172,1290,1419,1566,1703,1772,1907
Kansas,2,5,427,477,520,557,571,589,664,685,771,813,836
Kansas,2,6,3165,3746,4370,5020,5636,6366,7138,7822,8738,9483,10330
Kentucky,1,0,3988291,4000972,4016678,4037154,4058894,4087504,4117059,4145753,4171516,4190350,4212347
Kentucky,1,1,3618849,3623440,3631655,3645541,3657154,3676498,3697583,3715505,3732834,3741103,3754102
Kentucky,1,2,296320,300034,303114,305301,310101,314119,317559,322868,326135,331167,335784
Kentucky,1,3,8074,8257,8247,8240,8480,8536,8515,8607,8652,8734,8725
Kentucky,1,4,30325,32029,34006,35923,37997,40288,42183,43976,45805,47627,49277
Kentucky,1,5,1308,1402,1436,1474,1637,1724,1885,2036,1967,2211,2122
Kentucky,1,6,33415,35810,38220,40675,43525,46339,49334,52761,56123,59508,62337
Kentucky,2,0,60730,67160,73197,80016,87207,95238,102180,110919,118362,126724,133919
Kentucky,2,1,53917,59266,64398,70134,76337,82959,88687,95993,102265,109180,114889
Kentucky,2,2,3594,3991,4287,4617,5043,5614,6163,6754,7067,7767,8141
Kentucky,2,3,934,1131,1358,1496,1718,1927,2167,2481,2700,2952,3413
Kentucky,2,4,544,619,681,771,824,906,944,1039,1184,1161,1183
Kentucky,2,5,319,410,461,575,587,692,726,797,885,1002,1078
Kentucky,2,6,1422,1743,2012,2423,2698,3140,3493,3855,4261,4662,5215
Louisiana,1,0,4362888,4361665,4373212,4389774,4412500,4427827,4157225,4216730,4264720,4308192,4350063
Louisiana,1,1,2801616,2793000,2791749,2793947,2799804,2801152,2687730,2701997,2712973,2727718,2744393
Louisiana,1,2,1448727,1452442,1460509,1470009,1481621,1490931,1340260,1379458,1409869,1431901,1451721
Louisiana,1,3,24542,24988,25488,25909,26497,26911,25947,26672,27322,27888,28444
Louisiana,1,4,55803,56771,58736,60808,62925,64657,60280,62453,65051,68044,70487
Louisiana,1,5,1103,1198,1236,1289,1359,1417,1332,1469,1510,1573,1601
Louisiana,1,6,31097,33266,35494,37812,40294,42759,41676,44681,47995,51068,53417
Louisiana,2,0,108997,116210,124055,131268,139738,148801,145440,158851,170866,183456,194165
Louisiana,2,1,92480,98300,104864,110949,118152,125627,122454,133723,143611,154218,163147
Louisiana,2,2,11272,11776,12209,12580,12994,13573,12827,13939,14947,15807,16344
Louisiana,2,3,1682,1987,2246,2467,2688,3004,3188,3447,3909,4273,4716
Louisiana,2,4,777,880,984,1018,1182,1290,1242,1446,1501,1651,1790
Louisiana,2,5,336,426,475,526,604,642,707,767,804,888,998
Louisiana,2,6,2450,2841,3277,3728,4118,4665,5022,5529,6094,6619,7170
Maine,1,0,1267651,1275202,1284495,1293993,1300224,1304480,1308534,1311246,1314010,1312473,1310384
Maine,1,1,1233954,1239330,1246130,1252772,1256609,1258397,1260194,1260774,1261077,1257700,1254457
Maine,1,2,6712,7602,8548,9842,10817,11844,12812,13709,14631,15259,15427
Maine,1,3,7006,7154,7286,7451,7511,7666,7780,7920,8113,8206,8233
Maine,1,4,9304,9757,10327,10859,11428,11909,12276,12552,13031,13290,13592
Maine,1,5,337,335,357,345,332,339,350,344,322,321,300
Maine,1,6,10338,11024,11847,12724,13527,14325,15122,15947,16836,17697,18375
Maine,2,0,9421,10490,11465,12520,13464,14307,15085,15794,16499,17117,17183
Maine,2,1,8116,8981,9780,10740,11592,12219,12851,13427,13976,14314,14268
Maine,2,2,519,587,620,611,634,713,729,756,776,891,812
Maine,2,3,220,283,325,350,367,399,433,451,472,560,503
Maine,2,4,138,147,157,162,166,182,179,187,190,202,193
Maine,2,5,62,62,60,68,67,50,55,54,62,64,71
Maine,2,6,366,430,523,589,638,744,838,919,1023,1086,1336
Maryland,1,0,5079879,5123340,5166504,5198704,5224040,5241630,5247905,5247222,5254590,5277604,5312133
Maryland,1,1,3303171,3303591,3303164,3294980,3279756,3258379,3231348,3202869,3181666,3168869,3167885
Maryland,1,2,1480732,1507924,1535080,1558941,1583006,1605220,1622912,1635494,1647958,1666418,1685375
Maryland,1,3,13720,13771,13867,13863,13887,13991,14026,14050,14001,14150,14118
Maryland,1,4,216619,227252,238537,249706,260851,271907,281870,291535,301466,312464,323314
Maryland,1,5,2039,2133,2200,2304,2373,2432,2508,2514,2641,2613,2602
Maryland,1,6,63598,68669,73656,78910,84167,89701,95241,100760,106858,113090,118839
Maryland,2,0,231155,251351,273885,297565,322895,350749,379462,406186,430375,452784,473849
Maryland,2,1,195284,210949,228657,246616,265285,285679,306427,325839,344447,362148,377890
Maryland,2,2,24014,25697,27566,30262,33798,37615,41954,45487,47675,49003,51066
Maryland,2,3,3441,4712,6009,7270,8553,9868,11219,12624,14007,15621,16911
Maryland,2,4,2115,2393,2704,2986,3320,3769,4268,4763,4980,5081,5357
Maryland,2,5,760,940,1081,1252,1420,1741,1987,2242,2455,2570,2813
Maryland,2,6,5541,6660,7868,9179,10519,12077,13607,15231,16811,18361,19812
Massachusetts,1,0,5927493,5942473,5943391,5931658,5905992,5881303,5869140,5870510,5884219,5908202,5925374
Massachusetts,1,1,5259484,5247793,5225534,5193605,5150234,5106950,5074376,5055221,5045167,5043222,5039103
Massachusetts,1,2,348115,356184,363839,370418,375104,380834,387558,394610,402632,411330,418221
Massachusetts,1,3,12107,12140,12099,12058,11996,11870,11834,11740,11731,11715,11752
Massachusetts,1,4,246279,261021,273118,283334,293124,302591,312401,321778,333072,345716,356132
Massachusetts,1,5,2242,2313,2301,2366,2320,2406,2411,2458,2467,2492,2499
Massachusetts,1,6,59266,63022,66500,69877,73214,76652,80560,84703,89150,93727,97667
Massachusetts,2,0,433611,455161,473815,490907,506289,521987,540944,561049,584748,609411,631880
Massachusetts,2,1,350656,365798,379030,390693,400819,411406,424793,439025,455850,473930,490923
Massachusetts,2,2,60240,63772,66665,69419,71759,73920,76458,79092,82320,85228,87844
Massachusetts,2,3,5715,6904,8061,9258,10460,11741,12952,14239,15607,17106,18320
Massachusetts,2,4,2685,3008,3184,3350,3608,3854,4179,4388,4770,5136,5410
Massachusetts,2,5,2463,2593,2611,2666,2857,2908,2920,3103,3242,3360,3491
Massachusetts,2,6,11852,13086,14264,15521,16786,18158,19642,21202,22959,24651,25892
Michigan,1,0,9625400,9647503,9658574,9671575,9674165,9658452,9632423,9588891,9525963,9472168,9439023
Michigan,1,1,7852231,7853460,7847234,7842358,7830924,7804601,7770312,7723960,7663723,7610596,7568520
Michigan,1,2,1411801,1417451,1419151,1420900,1421343,1418998,1415804,1409450,1398856,1389844,1389162
Michigan,1,3,54194,54249,54443,54681,54814,54884,54899,54799,54633,54557,54981
Michigan,1,4,180970,190295,199634,209494,216785,223807,229239,232816,235366,237670,240658
Michigan,1,5,2237,2303,2333,2323,2336,2311,2337,2333,2321,2323,2280
Michigan,1,6,123967,129745,135779,141819,147963,153851,159832,165533,171064,177178,183422
Michigan,2,0,327050,343617,357136,369577,381150,392685,403658,412393,420926,429423,438551
Michigan,2,1,291467,305019,315542,325118,333888,342569,350296,355991,361401,366004,371880
Michigan,2,2,18065,19195,20248,21159,22076,22844,23714,24642,25677,26898,28085
Michigan,2,3,6401,6908,7543,8011,8592,9227,10040,10689,11374,12487,13542
Michigan,2,4,1965,2149,2334,2602,2798,2919,3135,3284,3303,3372,3359
Michigan,2,5,886,947,986,1058,1103,1125,1149,1196,1207,1228,1189
Michigan,2,6,8266,9399,10483,11629,12693,14001,15324,16591,17964,19434,20496
Minnesota,1,0,4788391,4824746,4849956,4873853,4897419,4918136,4950631,4983642,5012989,5038309,5058576
Minnesota,1,1,4353427,4367992,4372702,4376557,4379761,4380719,4389370,4398298,4404774,4409616,4413178
Minnesota,1,2,176223,186701,196165,205839,215459,224384,235886,247253,257365,265891,271645
Minnesota,1,3,52531,52954,53269,53610,53869,54057,54377,54761,55198,55345,55745
Minnesota,1,4,146237,153590,160668,167083,173637,180398,188124,195700,203070,209933,216248
Minnesota,1,5,1790,1839,1891,1884,1910,1943,1956,2026,2024,2078,2000
Minnesota,1,6,58183,61670,65261,68880,72783,76635,80918,85604,90558,95446,99760
Minnesota,2,0,145301,158050,168979,179719,190294,201462,212924,223561,234029,242894,252008
Minnesota,2,1,130686,141705,151011,160026,167971,175480,183767,191457,199453,206944,214146
Minnesota,2,2,4958,5357,5598,5931,6736,7948,8927,9584,9778,9740,10006
Minnesota,2,3,3819,4385,5035,5660,6486,7684,8660,9690,10721,10990,11764
Minnesota,2,4,1229,1314,1404,1500,1777,2026,2168,2413,2524,2678,2666
Minnesota,2,5,457,508,558,578,634,716,852,870,945,951,969
Minnesota,2,6,4152,4781,5373,6024,6690,7608,8550,9547,10608,11591,12457
Mississippi,1,0,2808321,2808826,2810757,2816495,2833276,2845360,2840544,2858284,2872833,2879079,2887995
Mississippi,1,1,1731074,1727474,1725133,1724787,1730880,1733699,1718495,1722779,1724876,1724534,1723666
Mississippi,1,2,1031447,1033669,1035676,1039502,1047449,1054252,1063421,1074250,1084128,1088567,1096661
Mississippi,1,3,11359,11608,11905,12281,12656,12877,13101,13315,13637,13755,13906
Mississippi,1,4,18861,19288,19990,20719,21699,22696,22725,23715,24555,25402,25892
Mississippi,1,5,590,636,686,728,774,796,844,849,907,978,969
Mississippi,1,6,14990,16151,17367,18478,19818,21040,21958,23376,24730,25843,26901
Mississippi,2,0,40032,44168,47924,51817,55734,60583,64434,70066,74973,79695,82041
Mississippi,2,1,31639,35014,38181,41448,44728,48807,51810,56435,60672,64374,65852
Mississippi,2,2,6296,6476,6635,6733,6970,7163,7377,7876,8062,8438,8606
Mississippi,2,3,605,849,1030,1216,1424,1632,1912,2109,2312,2612,2939
Mississippi,2,4,379,424,453,521,506,546,575,607,641,661,686
Mississippi,2,5,169,225,288,328,384,423,499,580,600,711,732
Mississippi,2,6,944,1180,1337,1571,1722,2012,2261,2459,2686,2899,3226
Missouri,1,0,5487426,5512298,5536997,5562542,5591693,5624330,5665619,5700097,5726899,5755168,5782176
Missouri,1,1,4703213,4714499,4725733,4738332,4753240,4771226,4796261,4816690,4830903,4845448,4858735
Missouri,1,2,631691,638071,643938,649575,655827,661926,669468,674820,679571,684991,691169
Missouri,1,3,23623,23819,23924,24033,24225,24160,24197,24349,24286,24229,24252
Missouri,1,4,63057,66383,70020,73584,77393,81445,85594,89243,92456,95744,98867
Missouri,1,5,3051,3236,3570,3707,3994,4322,4690,4990,5330,5469,5864
Missouri,1,6,62791,66290,69812,73311,77014,81251,85409,90005,94353,99287,103289
Missouri,2,0,119859,128844,137828,146861,156048,165970,177085,187515,197017,205920,214055
Missouri,2,1,107863,115409,122944,130464,137802,145802,154751,163435,170905,177704,183690
Missouri,2,2,5441,5848,6294,6738,7378,7981,8660,9198,9740,10373,10864
Missouri,2,3,2274,2583,2859,3186,3593,4056,4498,4806,5389,5852,6437
Missouri,2,4,853,948,1008,1105,1245,1291,1473,1579,1652,1733,1879
Missouri,2,5,358,457,542,639,695,794,877,968,1084,1167,1334
Missouri,2,6,3070,3599,4181,4729,5335,6046,6826,7529,8247,9091,9851
Montana,1,0,885582,887415,891045,897816,907243,915949,927391,938266,949042,955772,961975
Montana,1,1,810449,810569,812869,818118,825741,832862,842635,851673,860799,865617,870371
Montana,1,2,2559,2871,3047,3251,3476,3482,3674,3740,3824,3883,3754
Montana,1,3,54691,55114,55489,55929,56517,57149,57565,58176,58738,59359,60088
Montana,1,4,4707,4930,5028,5154,5366,5496,5665,5848,6019,6234,6190
Montana,1,5,436,483,506,515,569,552,597,629,618,673,600
Montana,1,6,12740,13448,14106,14849,15574,16408,17255,18200,19044,20006,20972
Montana,2,0,18191,19546,20622,21814,22766,24153,25301,26440,27373,28210,28923
Montana,2,1,15010,16070,16845,17641,18414,19327,20103,20872,21492,21909,22239
Montana,2,2,238,283,325,368,387,417,433,452,458,471,451
Montana,2,3,1837,1934,2093,2312,2383,2633,2799,3005,3114,3352,3516
Montana,2,4,176,189,197,185,195,189,192,186,186,195,193
Montana,2,5,52,55,58,70,73,89,98,102,114,114,121
Montana,2,6,878,1015,1104,1238,1314,1498,1676,1823,2009,2169,2403
Nebraska,1,0,1618315,1616621,1617298,1620263,1624703,1630030,1634212,1638363,1643675,1651812,1661674
Nebraska,1,1,1497833,1492809,1490150,1489375,1489908,1492076,1492467,1492993,1493934,1497706,1503769
Nebraska,1,2,68563,69749,70727,72119,73421,74571,76057,77386,79248,80831,82160
Nebraska,1,3,13592,13763,13897,13973,14223,14283,14482,14641,14760,14816,14866
Nebraska,1,4,22370,23235,24457,25634,26725,27533,28276,29119,30114,31189,32373
Nebraska,1,5,699,729,776,793,825,886,929,935,1003,1069,995
Nebraska,1,6,15258,16336,17291,18369,19601,20681,22001,23289,24616,26201,27511
Nebraska,2,0,95505,103215,110994,118380,124667,131467,138481,145077,152703,160871,168755
Nebraska,2,1,89420,95877,102628,108833,114092,119219,124467,129617,135074,142240,148644
Nebraska,2,2,1736,1997,2143,2296,2422,2763,3132,3257,3655,3853,4082
Nebraska,2,3,2175,2722,3156,3750,4251,4997,5837,6524,7720,8046,8585
Nebraska,2,4,446,513,571,625,644,761,839,981,1038,1058,1113
Nebraska,2,5,313,399,465,491,555,625,716,788,878,956,1062
Nebraska,2,6,1415,1707,2031,2385,2703,3102,3490,3910,4338,4718,5269
Nevada,1,0,1618481,1665003,1708410,1753471,1814559,1861616,1909229,1947682,1971751,1981298,1984576
Nevada,1,1,1322038,1347170,1368956,1392882,1426947,1445995,1463654,1474947,1477687,1472828,1465408
Nevada,1,2,134409,142142,149559,156625,166475,176394,187171,196127,202972,207455,209729
Nevada,1,3,21807,22273,22534,22748,23174,23559,23919,24340,24390,24096,23757
Nevada,1,4,92361,101532,111458,121282,133070,145805,159352,171982,181736,188169,193740
Nevada,1,5,8108,8850,9659,10317,11185,11981,13039,13875,14804,15261,15700
Nevada,1,6,39758,43036,46244,49617,53708,57882,62094,66411,70162,73489,76242
Nevada,2,0,400260,433396,465381,495379,531663,570527,613429,653390,681879,703367,720066
Nevada,2,1,375900,404739,432352,457671,488852,522100,558916,592490,614959,631187,643233
Nevada,2,2,7289,8474,9705,10925,12433,14092,15871,17627,19394,20605,21884
Nevada,2,3,6790,7753,8748,9912,11151,12367,13875,15515,16932,18242,19338
Nevada,2,4,3193,3775,4411,4994,5681,6430,7257,8057,8903,9775,10743
Nevada,2,5,1245,1467,1658,1927,2114,2418,2648,2983,3273,3514,3680
Nevada,2,6,5843,7188,8507,9950,11432,13120,14862,16718,18418,20044,21188
New Hampshire,1,0,1219185,1232468,1243801,1252815,1261341,1268063,1276051,1278798,1280704,1279772,1279679
New Hampshire,1,1,1181370,1191067,1199197,1205374,1211311,1215265,1220685,1221316,1220898,1218157,1216976
New Hampshire,1,2,8653,9513,10136,10798,11303,11908,12583,12977,13380,13682,13849
New Hampshire,1,3,2765,2814,2839,2864,2897,2906,2895,2877,2901,2841,2694
New Hampshire,1,4,16390,18288,19999,21442,22760,24253,25303,26376,27415,28252,28683
New Hampshire,1,5,332,371,391,374,365,370,363,347,333,372,322
New Hampshire,1,6,9675,10415,11239,11963,12705,13361,14222,14905,15777,16468,17155
New Hampshire,2,0,20697,23049,25288,27025,28780,30429,32338,33742,35202,36330,37080
New Hampshire,2,1,18248,20129,22079,23561,24994,26320,27744,28960,29961,30898,31270
New Hampshire,2,2,1327,1518,1648,1695,1921,1980,2154,2144,2359,2426,2502
New Hampshire,2,3,323,407,440,513,503,537,656,705,774,778,797
New Hampshire,2,4,170,221,210,222,244,257,276,296,328,316,341
New Hampshire,2,5,75,95,98,122,128,137,149,156,177,196,202
New Hampshire,2,6,554,679,813,912,990,1198,1359,1481,1603,1716,1968
New Jersey,1,0,7301718,7318939,7333796,7337879,7329810,7308642,7280639,7257998,7246565,7239732,7237587
New Jersey,1,1,5601464,5578892,5555789,5525789,5488172,5440558,5389373,5340793,5301078,5264148,5233566
New Jersey,1,2,1118695,1124362,1128961,1132849,1134136,1132716,1130682,1129110,1128625,1131976,1136960
New Jersey,1,3,11960,12126,12363,12401,12451,12482,12444,12483,12512,12656,12791
New Jersey,1,4,493417,523018,551939,577956,602229,626117,647502,670873,695290,717393,736376
New Jersey,1,5,2508,2582,2590,2597,2580,2584,2565,2537,2554,2544,2492
New Jersey,1,6,73674,77959,82154,86287,90242,94185,98073,102202,106506,111015,115402
New Jersey,2,0,1128903,1173732,1218847,1263523,1304751,1343332,1381040,1419887,1464525,1515870,1564037
New Jersey,2,1,992502,1027246,1062190,1096733,1127120,1154993,1181770,1209238,1241784,1279280,1315863
New Jersey,2,2,96104,101224,106130,111031,116231,121034,125908,130883,136191,142086,147417
New Jersey,2,3,12549,14571,16696,18851,21128,23542,25786,28351,31025,34390,37339
New Jersey,2,4,6444,6985,7555,8135,8765,9453,10187,10916,11674,12603,13299
New Jersey,2,5,3242,3395,3674,3845,3906,4228,4385,4522,4682,5049,5295
New Jersey,2,6,18062,20311,22602,24928,27601,30082,33004,35977,39169,42462,44824
New Mexico,1,0,1051216,1048147,1054439,1060054,1069086,1078248,1087488,1093533,1094097,1099238,1106518
New Mexico,1,1,819189,812209,813977,815759,820715,826507,832752,835596,833488,834683,838154
New Mexico,1,2,30986,31460,32153,32528,33311,33737,34351,34807,34733,35373,35966
New Mexico,1,3,162280,164797,166662,168428,169781,170699,171188,172254,173437,174982,176294
New Mexico,1,4,18937,19165,20160,21049,22035,23065,24019,24767,25430,26050,26801
New Mexico,1,5,1047,1078,1137,1121,1170,1186,1213,1209,1271,1353,1273
New Mexico,1,6,18777,19438,20350,21169,22074,23054,23965,24900,25738,26797,28030
New Mexico,2,0,769988,783543,800870,817520,834722,854026,874649,896537,916565,937564,959414
New Mexico,2,1,735823,746736,761122,774686,788777,804571,821315,838974,854112,870172,888612
New Mexico,2,2,7269,7780,8327,8823,9279,9838,10453,11188,11803,12579,13174
New Mexico,2,3,16545,17637,18886,20172,21625,23183,24886,26904,29441,31578,32993
New Mexico,2,4,2392,2505,2668,2870,3045,3174,3381,3581,3832,4253,4583
New Mexico,2,5,1077,1169,1223,1315,1349,1379,1544,1589,1663,1753,1866
New Mexico,2,6,6882,7716,8644,9654,10647,11881,13070,14301,15714,17229,18186
New York,1,0,16107464,16130448,16130657,16121534,16079274,16007210,15941689,15916300,15927444,15948001,15957063
New York,1,1,11865298,11838581,11794878,11749298,11684648,11594170,11508250,11452811,11414142,11377422,11330139
New York,1,2,2894948,2895442,2892238,2884520,2868550,2847435,2827470,2811198,2808817,2816025,2827976
New York,1,3,57271,57553,57710,57725,57379,57205,56827,56454,56392,56460,56701
New York,1,4,1096874,1136670,1174513,1209354,1239946,1271188,1303452,1340080,1380757,1418738,1452669
New York,1,5,6699,6944,7146,7294,7324,7460,7457,7529,7597,7685,7733
New York,1,6,186374,195258,204172,213343,221427,229752,238233,248228,259739,271671,281845
New York,2,0,2894316,2952390,3007143,3054405,3092293,3125400,3162942,3216035,3284992,3359065,3435220
New York,2,1,2297504,2332486,2364433,2390222,2407665,2415506,2425054,2446786,2482805,2524843,2571101
New York,2,2,457891,467146,474980,481576,486199,495707,506649,519689,532275,542803,556109
New York,2,3,46040,52918,60409,67882,75697,83645,91840,100386,109751,119701,126994
New York,2,4,18897,20072,21333,22611,23938,25526,27146,28874,30987,33218,35120
New York,2,5,10183,10510,11051,11488,12203,12626,13244,13675,14437,15441,16414
New York,2,6,63801,69258,74937,80626,86591,92390,99009,106625,114737,123059,129482
North Carolina,1,0,7696405,7785401,7864268,7926968,8018788,8128515,8292174,8441609,8580803,8678944,8755493
North Carolina,1,1,5675601,5723854,5763478,5790815,5839761,5902103,6002034,6088243,6165176,6212949,6245321
North Carolina,1,2,1737344,1761769,1785279,1804813,1829996,1858546,1899789,1939303,1978052,2007762,2034216
North Carolina,1,3,96776,97827,98867,99978,101152,102266,103919,105426,106744,108061,109809
North Carolina,1,4,117283,125747,133605,141799,150302,159908,170922,182527,193638,202854,210772
North Carolina,1,5,3313,3528,3679,3741,4026,4172,4545,4726,5067,5222,5483
North Carolina,1,6,66088,72676,79360,85822,93551,101520,110965,121384,132126,142096,149892
North Carolina,2,0,385209,424721,461933,495533,534364,576892,625096,676428,728646,770622,806065
North Carolina,2,1,344339,375996,405310,431068,461435,494887,532941,573688,613732,643510,667610
North Carolina,2,2,24321,26682,29302,31545,34753,37800,42099,46469,51870,57171,62187
North Carolina,2,3,6960,10022,13006,15990,18889,21961,25102,28353,31700,35503,38454
North Carolina,2,4,2508,2834,3021,3443,3573,4093,4434,4732,5460,5704,6608
North Carolina,2,5,1581,1865,2105,2434,2724,2955,3241,3662,3996,4379,4899
North Carolina,2,6,5500,7322,9189,11053,12990,15196,17279,19524,21888,24355,26307
North Dakota,1,0,634189,630685,629169,629103,634346,635292,638123,640923,645009,651692,660752
North Dakota,1,1,589774,584968,582041,580629,583877,583171,584316,585666,588127,592709,599894
North Dakota,1,2,3930,4300,4656,4979,5522,6021,6341,6628,6901,7731,7834
North Dakota,1,3,30827,31096,31538,31886,32484,32895,33586,33986,34525,35008,35664
North Dakota,1,4,3679,4015,4268,4510,4891,5173,5466,5884,6138,6383,6898
North Dakota,1,5,219,241,258,244,271,270,276,295,267,285,289
North Dakota,1,6,5760,6065,6408,6855,7301,7762,8138,8464,9051,9576,10173
North Dakota,2,0,7834,8377,8999,9714,10359,10797,11299,11899,12560,13276,13747
North Dakota,2,1,6620,6996,7535,8054,8575,8841,9153,9511,9893,10477,10751
North Dakota,2,2,237,268,299,298,322,359,367,358,424,435,418
North Dakota,2,3,628,689,709,814,861,918,1006,1193,1312,1367,1368
North Dakota,2,4,72,84,88,89,92,109,114,117,135,142,155
North Dakota,2,5,15,16,16,20,21,31,36,37,40,41,64
North Dakota,2,6,262,324,352,439,488,539,623,683,756,814,991
Ohio,1,0,11144045,11154906,11162569,11176179,11180453,11177132,11180635,11184434,11184524,11184346,11179395
Ohio,1,1,9562894,9548195,9530628,9518700,9500548,9474524,9454702,9434899,9412401,9391092,9366124
Ohio,1,2,1303283,1316166,1328078,1338894,1347231,1355662,1365324,1374701,1382771,1389735,1396925
Ohio,1,3,22369,22452,22358,22241,22129,21989,21844,21687,21497,21323,21162
Ohio,1,4,135666,141344,147886,155309,161704,168364,173978,179341,184668,189533,194636
Ohio,1,5,2427,2557,2730,2837,2995,3061,3185,3315,3446,3532,3563
Ohio,1,6,117406,124192,130889,138198,145846,153532,161602,170491,179741,189131,196985
Ohio,2,0,219498,232498,245320,258609,271798,286188,300578,316034,330867,344550,356787
Ohio,2,1,189322,199818,210344,221073,231130,241294,251999,263285,274021,284646,293541
Ohio,2,2,18291,19182,19961,20926,22510,24522,26350,28200,29905,31296,32286
Ohio,2,3,3283,3675,4113,4545,4874,5448,5956,6654,7462,7741,8598
Ohio,2,4,1526,1658,1740,1850,1983,2218,2316,2526,2679,2800,2956
Ohio,2,5,750,841,921,944,1096,1191,1388,1538,1622,1655,1825
Ohio,2,6,6326,7324,8241,9271,10205,11515,12569,13831,15178,16412,17581
Oklahoma,1,0,3273270,3271617,3278634,3281946,3289101,3297394,3325915,3348731,3368253,3398283,3427108
Oklahoma,1,1,2561390,2550772,2547272,2540939,2537550,2535578,2548163,2555810,2561357,2572676,2582948
Oklahoma,1,2,259009,259719,260613,260309,261107,261618,264778,267015,267461,270651,273976
Oklahoma,1,3,267938,270801,274211,277999,281229,285073,289952,294571,299450,304969,310355
Oklahoma,1,4,47460,48904,50702,52309,53606,54744,56639,58784,60909,63258,65179
Oklahoma,1,5,2184,2341,2570,2649,2927,3040,3235,3432,3617,3748,4072
Oklahoma,1,6,135289,139080,143266,147741,152682,157341,163148,169119,175459,182981,190578
Oklahoma,2,0,181095,195483,210446,222946,236132,251203,268175,285618,300723,319289,334594
Oklahoma,2,1,160007,171633,183235,192815,202556,213614,226036,239148,249583,263367,275008
Oklahoma,2,2,5128,5571,6142,6561,7121,7681,8369,9142,9775,10786,11423
Oklahoma,2,3,8898,10252,11863,13189,14793,16693,19003,21021,23366,25333,26641
Oklahoma,2,4,1090,1205,1298,1418,1535,1606,1693,1860,1929,2144,2387
Oklahoma,2,5,516,588,700,730,806,842,970,997,1159,1205,1313
Oklahoma,2,6,5456,6234,7208,8233,9321,10767,12104,13450,14911,16454,17822
Oregon,1,0,3151449,3171854,3200192,3218490,3225786,3251579,3289364,3320019,3346895,3370395,3385817
Oregon,1,1,2874966,2886124,2904680,2915103,2916267,2932409,2958539,2978189,2995407,3008466,3015329
Oregon,1,2,54539,55757,57095,57820,58061,59160,60787,62379,63744,65111,65627
Oregon,1,3,40606,40879,41116,41189,41160,41440,41702,42100,42492,42726,43040
Oregon,1,4,103341,107516,111736,115283,118010,122088,126978,131212,134630,138224,141472
Oregon,1,5,7790,8311,8834,9397,9727,10353,10902,11512,11963,12631,13052
Oregon,1,6,70207,73267,76731,79698,82561,86129,90456,94627,98659,103237,107297
Oregon,2,0,278259,296083,313232,328886,343677,361623,381519,402398,421853,438205,453140
Oregon,2,1,257720,272549,286685,298972,310295,324366,340471,356961,371426,382929,393612
Oregon,2,2,4108,4470,4916,5183,5646,5995,6535,6970,7805,8187,9042
Oregon,2,3,7320,8435,9621,11088,12688,14361,15961,18015,20118,22382,24005
Oregon,2,4,1816,2087,2301,2509,2643,2908,3061,3360,3698,4128,4440
Oregon,2,5,941,1027,1091,1142,1221,1266,1343,1426,1506,1642,1667
Oregon,2,6,6354,7515,8618,9992,11184,12727,14148,15666,17300,18937,20374
Pennsylvania,1,0,11885799,11877509,11883410,11897201,11900369,11904941,11927569,11942459,11954696,11973041,11985633
Pennsylvania,1,1,10339234,10303880,10277435,10257703,10227405,10197333,10181799,10160699,10138388,10122518,10106536
Pennsylvania,1,2,1213602,1222501,1234553,1247102,1259782,1272522,1288174,1301595,1314168,1326090,1335884
Pennsylvania,1,3,15288,15585,15835,16117,16393,16562,16764,16948,17090,17271,17236
Pennsylvania,1,4,225354,236690,249676,263223,276020,289491,303517,316711,328848,341627,353175
Pennsylvania,1,5,2820,2800,2822,2827,2837,2876,2939,2978,2994,2931,2951
Pennsylvania,1,6,89501,96053,103089,110229,117932,126157,134376,143528,153208,162604,169851
Pennsylvania,2,0,398374,421461,447621,477457,510353,545049,583240,621478,657589,693817,723997
Pennsylvania,2,1,331484,348085,367575,389071,411058,434620,461518,487743,511591,536574,558283
Pennsylvania,2,2,48000,50673,53400,57506,63529,69633,75913,82420,88898,94969,99082
Pennsylvania,2,3,4876,6474,8061,9673,11416,13173,14953,17043,19136,21178,22685
Pennsylvania,2,4,2695,2947,3221,3647,4259,4777,5272,5765,6268,6499,6772
Pennsylvania,2,5,1658,1800,1986,2228,2577,2931,3172,3433,3736,3901,4221
Pennsylvania,2,6,9661,11482,13378,15332,17514,19915,22412,25074,27960,30696,32954
Rhode Island,1,0,958614,960467,964041,964250,963563,953679,945439,936797,930812,925785,921503
Rhode Island,1,1,869890,868490,868343,865404,861554,850027,840414,830035,822044,815324,809917
Rhode Island,1,2,47071,48610,50334,51740,53268,53922,54522,55382,56060,56539,56834
Rhode Island,1,3,4519,4555,4617,4691,4692,4731,4710,4617,4599,4558,4400
Rhode Island,1,4,25011,25817,26922,27872,28606,28987,29121,29358,29934,30348,30686
Rhode Island,1,5,517,554,575,581,613,630,592,617,587,642,617
Rhode Island,1,6,11606,12441,13250,13962,14830,15382,16080,16788,17588,18374,19049
Rhode Island,2,0,91654,96675,101954,107092,111016,114237,117657,120518,124191,127861,131383
Rhode Island,2,1,73502,77443,81395,85037,87822,89721,91914,93820,96221,98156,100145
Rhode Island,2,2,13249,13708,14265,14979,15511,15953,16309,16671,17039,17826,18362
Rhode Island,2,3,1475,1750,2057,2366,2630,2973,3324,3538,3878,4328,4760
Rhode Island,2,4,606,643,753,806,852,928,975,1008,1081,1154,1174
Rhode Island,2,5,623,661,697,755,757,819,842,884,910,960,971
Rhode Island,2,6,2199,2470,2787,3149,3444,3843,4293,4597,5062,5437,5971
South Carolina,1,0,3927753,3957380,3988253,4019131,4066815,4111676,4182158,4249899,4316972,4364036,4398839
South Carolina,1,1,2663361,2680357,2700141,2718539,2750461,2781833,2830730,2878461,2921986,2953076,2971471
South Carolina,1,2,1184706,1192747,1198495,1205483,1215406,1223117,1237938,1250724,1266554,1276023,1287071
South Carolina,1,3,13032,13401,13847,14172,14620,14980,15379,15768,16379,16606,16788
South Carolina,1,4,36817,38228,40283,42602,45008,47507,50087,52868,55444,57677,59612
South Carolina,1,5,1330,1422,1509,1595,1669,1775,1839,1893,2086,2089,2201
South Carolina,1,6,28507,31225,33978,36740,39651,42464,46185,50185,54523,58565,61696
South Carolina,2,0,96470,107615,119542,131166,144106,158474,175689,194211,212024,225836,237473
South Carolina,2,1,82116,91273,101245,111084,121582,132597,146293,161694,176712,188680,197964
South Carolina,2,2,9814,10422,11161,11720,12907,14789,16627,17813,18867,19406,20354
South Carolina,2,3,1557,2140,2680,3174,3737,4330,5094,5960,6754,7317,7964
South Carolina,2,4,801,984,1068,1116,1233,1388,1550,1859,1972,1980,2023
South Carolina,2,5,527,663,785,889,990,1121,1295,1457,1609,1728,1766
South Carolina,2,6,1655,2133,2603,3183,3657,4249,4830,5428,6110,6725,7402
South Dakota,1,0,744849,745391,746215,748641,754025,757944,764425,771997,778347,785358,794006
South Dakota,1,1,665838,664619,663501,663870,666964,668814,673051,677885,681994,685608,691627
South Dakota,1,2,4791,5285,5804,6237,6704,7184,7685,8373,8875,9573,10070
South Dakota,1,3,61333,61755,62340,63093,64012,64623,65513,66523,67496,68529,69770
South Dakota,1,4,4424,4690,4935,5281,5625,5860,6253,6563,6717,7476,7653
South Dakota,1,5,221,237,273,262,291,315,289,322,327,332,315
South Dakota,1,6,8242,8805,9362,9898,10429,11148,11634,12331,12938,13840,14571
South Dakota,2,0,10995,12581,13805,15088,16371,17549,18608,19626,20777,21709,22457
South Dakota,2,1,8757,9884,10796,11681,12674,13454,14066,14711,15382,16209,16756
South Dakota,2,2,194,253,272,338,348,398,409,433,486,531,480
South Dakota,2,3,1430,1740,1917,2133,2346,2526,2795,3042,3331,3262,3246
South Dakota,2,4,86,93,101,105,97,111,124,132,130,139,141
South Dakota,2,5,48,63,90,103,109,131,140,153,181,201,193
South Dakota,2,6,480,548,629,728,797,929,1074,1155,1267,1367,1641
Tennessee,1,0,5578147,5611750,5642988,5680811,5726854,5787037,5864850,5930035,5984848,6027421,6064741
Tennessee,1,1,4523239,4538835,4551925,4571391,4596795,4635480,4686469,4731199,4768431,4791859,4811053
Tennessee,1,2,934519,945799,956874,967864,980481,993588,1011301,1022802,1032667,1043391,1055166
Tennessee,1,3,14101,14540,14783,14992,15326,15585,15852,16228,16257,16491,16499
Tennessee,1,4,58061,60602,63922,67489,71342,75257,79359,83084,86039,89297,92117
Tennessee,1,5,1893,2027,2123,2146,2282,2405,2533,2681,2643,2907,2843
Tennessee,1,6,46334,49947,53361,56929,60628,64722,69336,74041,78811,83476,87063
Tennessee,2,0,125572,139039,152930,167001,183955,204020,223916,245692,262563,278598,292156
Tennessee,2,1,112610,124038,135923,147930,161822,177419,193867,211750,225717,239834,251355
Tennessee,2,2,7008,7562,8074,8678,10109,12562,13988,15025,15662,15852,16111
Tennessee,2,3,2024,2713,3325,3922,4620,5287,6000,7499,8534,9308,9861
Tennessee,2,4,947,1036,1158,1205,1351,1571,1824,2119,2238,2186,2333
Tennessee,2,5,647,784,930,1113,1275,1496,1746,2004,2240,2422,2598
Tennessee,2,6,2336,2906,3520,4153,4778,5685,6491,7295,8172,8996,9898
Texas,1,0,14204631,14332617,14445476,14532344,14644028,14767376,15051572,15213713,15381739,15561855,15720086
Texas,1,1,10993384,11028949,11052815,11060414,11087824,11118359,11207413,11267710,11327399,11391513,11445006
Texas,1,2,2385272,2427913,2467431,2500929,2539860,2582761,2715864,2756205,2803189,2858593,2909729
Texas,1,3,70292,71978,73216,74029,75052,75960,77327,78325,79613,80572,81797
Texas,1,4,574837,611174,647808,681836,714720,751113,795922,840990,885352,929211,967063
Texas,1,5,11335,11974,12648,13202,13810,14525,15272,16198,17051,17855,18607
Texas,1,6,169511,180629,191558,201934,212762,224658,239774,254285,269135,284111,297884
Texas,2,0,6739868,6987005,7244849,7498587,7749995,8010747,8308008,8618270,8927300,9239906,9537028
Texas,2,1,6531783,6759264,6996070,7227863,7455504,7689679,7953933,8228119,8498997,8770570,9033820
Texas,2,2,76631,83538,90653,97470,104690,113423,124887,136994,149344,161911,172096
Texas,2,3,69755,75441,81714,88774,96700,105736,116517,128628,142147,157645,170924
Texas,2,4,19498,20777,22247,23737,25162,27045,29419,32112,34991,38041,40210
Texas,2,5,9406,9680,9887,10115,10341,10608,11016,11546,12043,12540,12845
Texas,2,6,32795,38305,44278,50628,57598,64256,72236,80871,89778,99199,107133
Utah,1,0,2040146,2066067,2093704,2117090,2146716,2188250,2238089,2288085,2332297,2375838,2414511
Utah,1,1,1917865,1939037,1961882,1981343,2006561,2042590,2085324,2127722,2165034,2201203,2233952
Utah,1,2,16607,17586,18434,18873,19668,20696,22215,23539,24504,25886,26462
Utah,1,3,26958,26552,26553,26202,25922,26066,26342,26871,26962,27218,27347
Utah,1,4,38075,39547,40995,42296,43790,45304,47371,49159,51340,53516,55264
Utah,1,5,15462,16193,16864,17600,18306,19149,19983,21162,22373,23395,24343
Utah,1,6,25179,27152,28976,30776,32469,34445,36854,39632,42084,44620,47143
Utah,2,0,204356,217648,231111,243047,254864,269469,287418,309661,330732,347583,361958
Utah,2,1,192124,203344,214809,224818,234534,246640,262317,281370,299213,313063,324179
Utah,2,2,2858,3225,3587,3811,4205,4709,4958,5858,6389,6882,7610
Utah,2,3,4412,5096,5817,6510,7350,8126,8994,10084,11279,12345,13600
Utah,2,4,1111,1301,1430,1513,1670,1838,2016,2204,2471,2789,3033
Utah,2,5,761,891,951,1037,1126,1231,1319,1494,1641,1809,1871
Utah,2,6,3090,3791,4517,5358,5979,6925,7814,8651,9739,10695,11665
Vermont,1,0,604062,606119,608865,610930,612576,613461,614755,614989,615228,615543,616532
Vermont,1,1,587155,588287,590076,591226,591990,591941,592125,591478,591023,590153,590891
Vermont,1,2,3040,3359,3602,3942,4277,4590,5014,5248,5618,6075,5971
Vermont,1,3,2374,2396,2346,2283,2291,2219,2208,2137,2132,2121,2002
Vermont,1,4,5396,5730,6117,6398,6596,6885,7224,7576,7570,7872,7953
Vermont,1,5,125,133,127,139,131,140,142,151,142,146,140
Vermont,1,6,5972,6214,6597,6942,7291,7686,8042,8399,8743,9176,9575
Vermont,2,0,5556,6104,6577,6928,7344,7754,8137,8492,8923,9274,9428
Vermont,2,1,4876,5327,5727,5998,6358,6614,6889,7179,7512,7770,7716
Vermont,2,2,211,259,280,301,322,368,372,392,433,459,445
Vermont,2,3,116,138,144,164,176,187,209,225,238,258,268
Vermont,2,4,66,68,72,84,88,86,92,95,106,111,109
Vermont,2,5,24,24,24,23,24,24,30,30,29,28,48
Vermont,2,6,263,288,330,358,376,475,545,571,605,648,842
Virginia,1,0,6771549,6836712,6897080,6948739,7026274,7094409,7157629,7204529,7257827,7318507,7387851
Virginia,1,1,4999290,5027048,5049595,5065992,5099021,5122621,5140929,5149291,5162957,5181990,5206944
Virginia,1,2,1390699,1403995,1417563,1428611,1446240,1461805,1479716,1491097,1504072,1518483,1535841
Virginia,1,3,19040,19375,19559,19621,19949,20104,20218,20342,20508,20722,21051
Virginia,1,4,268542,285427,302412,319409,337830,357624,375710,393471,410256,427171,444707
Virginia,1,5,3534,3748,3903,4063,4261,4461,4620,4784,5016,5197,5280
Virginia,1,6,90444,97119,104048,111043,118973,127794,136436,145544,155018,164944,174028
Virginia,2,0,334268,361650,389793,418238,449301,482696,516096,546471,575669,607430,636766
Virginia,2,1,292685,315133,338078,361070,385769,412508,438508,461995,484229,508284,530960
Virginia,2,2,25972,27481,28953,30709,33323,35810,38827,41516,44195,46995,49772
Virginia,2,3,4193,5751,7322,8913,10480,12084,13720,15414,17157,19166,20719
Virginia,2,4,3023,3353,3796,4207,4652,5190,5731,6169,6732,7199,7574
Virginia,2,5,1120,1329,1456,1625,1774,1991,2227,2403,2548,2790,2981
Virginia,2,6,7275,8603,10188,11714,13303,15113,17083,18974,20808,22996,24760
Washington,1,0,5463559,5512082,5553278,5579951,5625498,5674041,5751955,5808908,5871854,5937616,5983005
Washington,1,1,4683516,4703650,4717352,4720498,4739760,4759787,4800565,4824289,4851079,4879627,4896543
Washington,1,2,189674,194584,198705,200778,203627,207050,212966,216854,223345,229758,232344
Washington,1,3,86458,86743,87038,87102,87463,87554,87793,88226,88722,88990,89529
Washington,1,4,329332,344234,358620,371533,385303,400352,419428,436533,452691,469459,483179
Washington,1,5,23630,24904,26247,27474,28762,30229,32088,33925,35962,38098,39566
Washington,1,6,150949,157967,165316,172566,180583,189069,199115,209081,220055,231684,241844
Washington,2,0,446953,473640,499071,524164,553147,583264,618798,652679,690377,729810,761491
Washington,2,1,406214,428070,448695,467902,489122,511643,539266,565196,594510,626064,651492
Washington,2,2,10044,10666,11333,12171,13422,14679,16227,17493,18995,20359,21063
Washington,2,3,10857,12511,13934,15944,18529,20861,23311,26135,29229,31534,33729
Washington,2,4,5098,5424,5979,6648,7685,8825,9605,10192,10807,11436,12023
Washington,2,5,2054,2224,2354,2638,2995,3339,3595,3738,3983,4123,4215
Washington,2,6,12686,14745,16776,18861,21394,23917,26794,29925,32853,36294,38969
West Virginia,1,0,1794674,1788334,1791376,1797129,1800237,1802919,1808884,1813906,1819095,1825731,1831363
West Virginia,1,1,1710457,1703249,1704880,1708765,1709944,1710997,1714509,1717215,1720090,1724043,1727969
West Virginia,1,2,57231,57009,57245,57749,58141,58423,59402,60181,60880,61948,62566
West Virginia,1,3,3504,3480,3495,3470,3511,3534,3523,3514,3551,3561,3487
West Virginia,1,4,9638,9789,10033,10456,10888,11026,11463,11766,11952,12406,12474
West Virginia,1,5,345,385,380,393,374,372,395,393,420,364,382
West Virginia,1,6,13499,14422,15343,16296,17379,18567,19592,20837,22202,23409,24485
West Virginia,2,0,12347,13147,14038,15166,16201,17573,19028,20146,21215,22044,22610
West Virginia,2,1,11176,11758,12451,13342,14225,15258,16390,17307,18076,18689,19018
West Virginia,2,2,536,642,730,824,900,1014,1160,1212,1378,1469,1440
West Virginia,2,3,168,213,242,267,287,317,372,434,481,491,467
West Virginia,2,4,94,106,108,125,129,160,158,159,166,185,198
West Virginia,2,5,79,79,81,84,85,81,84,83,90,87,99
West Virginia,2,6,294,349,426,524,575,743,864,951,1024,1123,1388
Wisconsin,1,0,5178628,5197064,5221166,5241738,5263029,5280645,5296994,5314525,5330080,5343585,5352828
Wisconsin,1,1,4693327,4698727,4708972,4716994,4726677,4732052,4735715,4740067,4742670,4743944,4742771
Wisconsin,1,2,302981,308717,314767,319816,324149,328945,333982,339214,344175,348779,352653
Wisconsin,1,3,44355,44700,45266,45727,46095,46603,46969,47570,47934,48164,48719
Wisconsin,1,4,91032,95005,99311,103401,107264,111103,114997,118855,122977,126719,129900
Wisconsin,1,5,1381,1436,1449,1480,1491,1507,1573,1598,1629,1673,1603
Wisconsin,1,6,45552,48479,51401,54320,57353,60435,63758,67221,70695,74306,77182
Wisconsin,2,0,195371,209771,223996,237465,250997,265521,280661,296250,310916,325679,338219
Wisconsin,2,1,178157,190496,202664,214090,225323,237335,249854,262780,274753,286380,296133
Wisconsin,2,2,7499,8146,8702,9274,9970,10693,11527,12292,13240,14243,15100
Wisconsin,2,3,4199,4762,5350,6004,6733,7450,8213,9024,9800,10655,11519
Wisconsin,2,4,1136,1285,1361,1469,1608,1709,1865,2024,2077,2351,2505
Wisconsin,2,5,458,513,564,560,617,672,723,758,809,889,902
Wisconsin,2,6,3922,4569,5355,6068,6746,7662,8479,9372,10237,11161,12060
Wyoming,1,0,462301,461701,465763,468029,472105,475579,482234,491854,500094,511082,513769
Wyoming,1,1,440281,438909,442344,444231,447613,450600,456366,464915,472449,482058,484769
Wyoming,1,2,3531,3728,3812,3837,3995,3984,4060,4283,4251,4615,4361
Wyoming,1,3,10313,10540,10657,10664,10824,10868,11160,11390,11587,11839,11800
Wyoming,1,4,2755,2856,3004,3124,3241,3388,3623,3767,3967,4274,4324
Wyoming,1,5,277,328,338,330,342,334,363,373,366,363,360
Wyoming,1,6,5144,5340,5608,5843,6090,6405,6662,7126,7474,7933,8155
Wyoming,2,0,31999,32956,34254,35424,37001,38578,40433,43022,45949,48769,50691
Wyoming,2,1,29594,30236,31272,32230,33534,34747,36241,38395,40937,43417,44910
Wyoming,2,2,409,453,473,493,535,590,611,662,663,787,740
Wyoming,2,3,1116,1272,1414,1478,1590,1741,1904,2172,2379,2465,2638
Wyoming,2,4,176,209,212,237,239,242,255,263,288,322,316
Wyoming,2,5,51,53,65,82,83,99,118,122,137,140,144
Wyoming,2,6,653,733,818,904,1020,1159,1304,1408,1545,1638,1943
